date,treatment,station,measurement,observations,mean_value,min_value,max_value
2024-05-01,agrivoltaic,PV,irradiance,283,160.2162544169611,0.0,708.0
2024-05-01,agrivoltaic,SS,humidity,281,6.561921708185054,3.75,44.5
2024-05-01,agrivoltaic,SS,temperature,279,33.885448028673835,30.97,40.3
2024-05-01,agrivoltaic,TI,humidity,94,61.110638297872335,34.2,72.5
2024-05-01,agrivoltaic,TI,temperature,93,33.29032258064516,17.4,39.9
2024-05-01,ambient,,humidity,93,61.7536559139785,4.29,72.8
2024-05-01,ambient,,temperature,93,32.94440860215054,29.8,38.2
2024-05-01,ground_mounted_pv,PV,irradiance,93,152.59139784946237,0.0,677.0
2024-05-01,open_sun_control,SS,humidity,233,4.0368240343347646,3.36,32.42
2024-05-01,open_sun_control,SS,temperature,233,33.687210300429186,12.63,43.92
2024-05-01,open_sun_control,TI,humidity,188,60.344148936170214,31.0,75.3
2024-05-01,open_sun_control,TI,temperature,187,33.90213903743315,29.0,42.0
2024-05-02,agrivoltaic,PV,irradiance,864,177.88657407407408,0.0,901.0
2024-05-02,agrivoltaic,PV,temperature,371,15.957951482479784,11.2,22.7
2024-05-02,agrivoltaic,SS,humidity,864,6.1153125,3.75,10.3
2024-05-02,agrivoltaic,SS,temperature,864,33.556921296296295,30.3,41.02
2024-05-02,agrivoltaic,TI,humidity,288,61.09305555555555,39.7,73.5
2024-05-02,agrivoltaic,TI,temperature,288,32.993750000000006,29.2,40.0
2024-05-02,ambient,,humidity,288,61.28923611111111,42.2,74.0
2024-05-02,ambient,,temperature,288,32.544444444444444,28.9,38.3
2024-05-02,ground_mounted_pv,PV,irradiance,288,174.53125,0.0,876.0
2024-05-02,open_sun_control,SS,humidity,670,6.3553582089552245,3.28,14.18
2024-05-02,open_sun_control,SS,temperature,670,32.906253731343284,27.55,50.11
2024-05-02,open_sun_control,TI,humidity,576,59.55850694444444,33.1,75.1
2024-05-02,open_sun_control,TI,temperature,576,33.627604166666664,28.6,44.9
2024-05-03,agrivoltaic,PV,irradiance,864,229.16666666666666,0.0,978.0
2024-05-03,agrivoltaic,PV,temperature,222,22.51306306306306,19.4,25.7
2024-05-03,agrivoltaic,SS,humidity,864,6.089155092592592,3.62,10.47
2024-05-03,agrivoltaic,SS,temperature,864,34.81670138888889,30.18,44.09
2024-05-03,agrivoltaic,TI,humidity,288,56.96458333333333,28.5,77.3
2024-05-03,agrivoltaic,TI,temperature,288,34.91493055555556,29.1,47.3
2024-05-03,ambient,,humidity,288,57.503125000000004,35.0,77.6
2024-05-03,ambient,,temperature,288,34.19756944444444,29.0,41.5
2024-05-03,ground_mounted_pv,PV,irradiance,288,222.875,0.0,957.0
2024-05-03,ground_mounted_pv,PV,temperature,73,22.498630136986304,19.8,25.3
2024-05-03,open_sun_control,SS,humidity,576,4.26078125,3.23,6.05
2024-05-03,open_sun_control,SS,temperature,576,36.080104166666665,28.28,53.94
2024-05-03,open_sun_control,TI,humidity,576,55.439062500000006,28.4,79.7
2024-05-03,open_sun_control,TI,temperature,576,35.56805555555556,28.1,46.9
2024-05-04,agrivoltaic,PV,irradiance,864,259.59606481481484,0.0,988.0
2024-05-04,agrivoltaic,PV,temperature,217,22.938248847926268,20.0,26.1
2024-05-04,agrivoltaic,SS,humidity,864,5.954201388888889,3.62,10.3
2024-05-04,agrivoltaic,SS,temperature,864,35.27005787037037,30.49,45.11
2024-05-04,agrivoltaic,TI,humidity,288,53.5,27.8,73.3
2024-05-04,agrivoltaic,TI,temperature,288,35.27326388888889,28.8,47.0
2024-05-04,ambient,,humidity,288,54.56388888888889,35.2,73.5
2024-05-04,ambient,,temperature,288,34.32048611111111,28.6,41.7
2024-05-04,ground_mounted_pv,PV,irradiance,288,250.86111111111111,0.0,970.0
2024-05-04,ground_mounted_pv,PV,temperature,67,22.580597014925374,20.2,25.4
2024-05-04,open_sun_control,SS,humidity,607,3.7922570016474464,3.13,4.51
2024-05-04,open_sun_control,SS,temperature,607,37.065304777594726,29.3,56.99
2024-05-04,open_sun_control,TI,humidity,576,51.84375,27.5,76.5
2024-05-04,open_sun_control,TI,temperature,576,36.197048611111114,27.7,48.2
2024-05-05,agrivoltaic,PV,irradiance,864,224.00578703703704,0.0,971.0
2024-05-05,agrivoltaic,PV,temperature,178,21.680898876404495,20.0,25.1
2024-05-05,agrivoltaic,SS,humidity,864,5.860717592592592,3.62,10.1
2024-05-05,agrivoltaic,SS,temperature,864,35.37820601851852,31.21,44.09
2024-05-05,agrivoltaic,TI,humidity,288,54.75416666666667,30.3,70.8
2024-05-05,agrivoltaic,TI,temperature,288,35.30243055555556,29.7,47.2
2024-05-05,ambient,,humidity,288,55.62638888888889,38.1,71.0
2024-05-05,ambient,,temperature,288,34.553124999999994,29.5,41.0
2024-05-05,ground_mounted_pv,PV,irradiance,288,214.10416666666666,0.0,931.0
2024-05-05,ground_mounted_pv,PV,temperature,49,21.397959183673468,20.1,24.5
2024-05-05,open_sun_control,SS,humidity,673,3.640282317979197,3.13,4.51
2024-05-05,open_sun_control,SS,temperature,673,36.834309063893016,30.08,53.06
2024-05-05,open_sun_control,TI,humidity,576,52.777430555555554,28.9,73.5
2024-05-05,open_sun_control,TI,temperature,576,36.27256944444444,28.8,47.9
2024-05-06,agrivoltaic,PV,irradiance,864,223.34953703703704,0.0,975.0
2024-05-06,agrivoltaic,PV,temperature,142,21.718309859154928,19.2,23.5
2024-05-06,agrivoltaic,SS,humidity,864,5.75125,3.59,9.77
2024-05-06,agrivoltaic,SS,temperature,864,35.082453703703706,31.34,41.84
2024-05-06,agrivoltaic,TI,humidity,288,55.65416666666667,34.4,74.5
2024-05-06,agrivoltaic,TI,temperature,288,34.67465277777777,29.7,43.9
2024-05-06,ambient,,humidity,288,55.903819444444444,37.9,74.6
2024-05-06,ambient,,temperature,288,34.22986111111111,29.5,40.6
2024-05-06,ground_mounted_pv,PV,irradiance,288,214.75694444444446,0.0,944.0
2024-05-06,ground_mounted_pv,PV,temperature,46,21.871739130434783,19.7,23.9
2024-05-06,open_sun_control,SS,humidity,708,3.5567514124293784,3.13,4.16
2024-05-06,open_sun_control,SS,temperature,708,36.457612994350285,30.47,53.77
2024-05-06,open_sun_control,TI,humidity,576,53.25451388888889,29.9,75.5
2024-05-06,open_sun_control,TI,temperature,576,35.740451388888886,29.3,46.3
2024-05-07,agrivoltaic,PV,irradiance,864,231.42939814814815,0.0,999.0
2024-05-07,agrivoltaic,PV,temperature,243,22.828395061728397,19.6,26.2
2024-05-07,agrivoltaic,SS,humidity,864,5.6451620370370375,3.52,9.77
2024-05-07,agrivoltaic,SS,temperature,864,35.07431712962963,30.18,45.09
2024-05-07,agrivoltaic,TI,humidity,288,51.280208333333334,25.4,78.3
2024-05-07,agrivoltaic,TI,temperature,288,34.58472222222222,27.8,48.2
2024-05-07,ambient,,humidity,288,51.80451388888889,33.3,79.7
2024-05-07,ambient,,temperature,288,33.81909722222222,27.3,40.6
2024-05-07,ground_mounted_pv,PV,irradiance,288,224.35069444444446,0.0,968.0
2024-05-07,ground_mounted_pv,PV,temperature,85,22.58235294117647,19.4,25.5
2024-05-07,open_sun_control,SS,humidity,743,3.508600269179004,3.0,4.16
2024-05-07,open_sun_control,SS,temperature,743,36.48278600269179,29.62,56.47
2024-05-07,open_sun_control,TI,humidity,576,50.13159722222222,27.2,78.3
2024-05-07,open_sun_control,TI,temperature,576,35.14409722222222,27.6,46.4
2024-05-08,agrivoltaic,PV,irradiance,864,244.36111111111111,0.0,963.0
2024-05-08,agrivoltaic,PV,temperature,324,20.392283950617283,9.8,27.4
2024-05-08,agrivoltaic,SS,humidity,864,6.8230208333333335,3.39,19.87
2024-05-08,agrivoltaic,SS,temperature,864,34.371874999999996,27.01,46.29
2024-05-08,agrivoltaic,TI,humidity,288,55.752430555555556,21.8,95.2
2024-05-08,agrivoltaic,TI,temperature,288,34.138888888888886,23.2,51.5
2024-05-08,ambient,,humidity,288,54.53055555555555,29.2,81.5
2024-05-08,ambient,,temperature,288,33.50694444444444,26.2,43.4
2024-05-08,ground_mounted_pv,PV,irradiance,288,237.95486111111111,0.0,920.0
2024-05-08,ground_mounted_pv,PV,temperature,77,23.42207792207792,18.8,26.7
2024-05-08,open_sun_control,SS,humidity,740,6.145986486486486,2.97,23.55
2024-05-08,open_sun_control,SS,temperature,740,35.467175675675676,25.42,59.41
2024-05-08,open_sun_control,TI,humidity,576,56.769444444444446,23.8,98.6
2024-05-08,open_sun_control,TI,temperature,576,34.66180555555556,22.4,49.7
2024-05-09,agrivoltaic,PV,irradiance,864,191.31944444444446,0.0,1226.0
2024-05-09,agrivoltaic,PV,temperature,93,23.102150537634408,19.3,27.5
2024-05-09,agrivoltaic,SS,humidity,864,10.863043981481482,4.21,16.07
2024-05-09,agrivoltaic,SS,temperature,864,29.017152777777778,25.17,37.02
2024-05-09,agrivoltaic,TI,humidity,288,63.83506944444444,34.5,83.9
2024-05-09,agrivoltaic,TI,temperature,288,31.382291666666667,25.7,40.6
2024-05-09,ambient,,humidity,288,62.25868055555556,33.5,82.2
2024-05-09,ambient,,temperature,288,31.16597222222222,25.4,39.4
2024-05-09,ground_mounted_pv,PV,irradiance,288,185.88541666666666,0.0,1164.0
2024-05-09,ground_mounted_pv,PV,temperature,288,14.514583333333333,10.1,26.7
2024-05-09,open_sun_control,SS,humidity,787,10.710495552731894,4.62,15.76
2024-05-09,open_sun_control,SS,temperature,787,29.234142312579415,24.84,38.94
2024-05-09,open_sun_control,TI,humidity,576,66.1626736111111,31.4,98.8
2024-05-09,open_sun_control,TI,temperature,576,31.505208333333332,24.7,44.2
2024-05-10,agrivoltaic,PV,irradiance,864,215.00462962962962,0.0,1035.0
2024-05-10,agrivoltaic,PV,temperature,130,21.47076923076923,19.4,25.1
2024-05-10,agrivoltaic,SS,humidity,864,9.305474537037037,4.08,13.66
2024-05-10,agrivoltaic,SS,temperature,864,31.46800925925926,27.57,37.4
2024-05-10,agrivoltaic,TI,humidity,288,63.35902777777778,43.6,80.4
2024-05-10,agrivoltaic,TI,temperature,288,33.27291666666667,28.7,39.8
2024-05-10,ambient,,humidity,288,62.962500000000006,44.3,79.9
2024-05-10,ambient,,temperature,288,32.916666666666664,28.6,38.7
2024-05-10,ground_mounted_pv,PV,irradiance,288,206.80555555555554,0.0,1013.0
2024-05-10,ground_mounted_pv,PV,temperature,37,21.25135135135135,20.0,24.6
2024-05-10,open_sun_control,SS,humidity,749,7.010440587449933,4.0,9.82
2024-05-10,open_sun_control,SS,temperature,749,32.564339118825096,27.35,44.02
2024-05-10,open_sun_control,TI,humidity,576,61.50555555555555,35.4,82.2
2024-05-10,open_sun_control,TI,temperature,576,34.072916666666664,27.9,45.9
2024-05-11,agrivoltaic,PV,irradiance,864,218.2314814814815,0.0,1059.0
2024-05-11,agrivoltaic,PV,temperature,399,16.85513784461153,11.1,24.0
2024-05-11,agrivoltaic,SS,humidity,864,8.428842592592591,3.75,13.2
2024-05-11,agrivoltaic,SS,temperature,864,32.93221064814815,28.31,41.79
2024-05-11,agrivoltaic,TI,humidity,288,58.762499999999996,33.3,77.6
2024-05-11,agrivoltaic,TI,temperature,288,33.909375,28.9,45.1
2024-05-11,ambient,,humidity,288,59.01076388888888,39.8,77.7
2024-05-11,ambient,,temperature,288,33.294444444444444,28.6,39.8
2024-05-11,ground_mounted_pv,PV,irradiance,288,208.44791666666666,0.0,1035.0
2024-05-11,ground_mounted_pv,PV,temperature,70,21.662857142857145,19.4,24.3
2024-05-11,open_sun_control,SS,humidity,744,5.442567204301075,3.75,7.32
2024-05-11,open_sun_control,SS,temperature,744,33.98577956989247,28.06,44.59
2024-05-11,open_sun_control,TI,humidity,576,56.99427083333333,34.3,81.3
2024-05-11,open_sun_control,TI,temperature,576,34.71736111111111,28.1,44.6
2024-05-12,agrivoltaic,PV,irradiance,864,183.9189814814815,0.0,1103.0
2024-05-12,agrivoltaic,PV,temperature,356,15.623033707865169,10.3,23.8
2024-05-12,agrivoltaic,SS,humidity,864,7.557233796296296,3.67,12.54
2024-05-12,agrivoltaic,SS,temperature,864,32.7634375,28.18,43.01
2024-05-12,agrivoltaic,TI,humidity,288,53.394444444444446,29.1,65.9
2024-05-12,agrivoltaic,TI,temperature,288,33.02256944444444,27.6,46.3
2024-05-12,ambient,,humidity,288,53.78993055555556,37.7,65.6
2024-05-12,ambient,,temperature,288,32.302083333333336,27.4,39.5
2024-05-12,ground_mounted_pv,PV,irradiance,288,177.49652777777777,0.0,1025.0
2024-05-12,ground_mounted_pv,PV,temperature,57,21.729824561403507,20.0,25.2
2024-05-12,open_sun_control,SS,humidity,762,4.394895013123359,3.7,5.32
2024-05-12,open_sun_control,SS,temperature,761,33.53809461235217,28.13,45.59
2024-05-12,open_sun_control,TI,humidity,576,52.083333333333336,31.9,68.3
2024-05-12,open_sun_control,TI,temperature,576,33.64913194444445,26.9,44.0
2024-05-13,agrivoltaic,PV,irradiance,861,133.45528455284554,0.0,889.0
2024-05-13,agrivoltaic,PV,temperature,29,21.010344827586206,20.0,22.7
2024-05-13,agrivoltaic,SS,humidity,837,10.247634408602151,3.39,16.03
2024-05-13,agrivoltaic,SS,temperature,837,29.05700119474313,24.59,35.65
2024-05-13,agrivoltaic,TI,humidity,279,77.08458781362006,46.1,96.0
2024-05-13,agrivoltaic,TI,temperature,279,29.01541218637993,23.6,37.7
2024-05-13,ambient,,humidity,279,75.72831541218638,50.1,92.1
2024-05-13,ambient,,temperature,279,28.76415770609319,23.8,34.5
2024-05-13,ground_mounted_pv,PV,irradiance,279,133.20071684587813,0.0,880.0
2024-05-13,ground_mounted_pv,PV,temperature,221,14.910859728506788,11.6,25.8
2024-05-13,open_sun_control,SS,humidity,834,8.209424460431654,3.75,13.09
2024-05-13,open_sun_control,SS,temperature,834,28.65124700239808,24.54,35.46
2024-05-13,open_sun_control,TI,humidity,566,81.15,47.9,98.2
2024-05-13,open_sun_control,TI,temperature,566,28.464840989399296,23.0,37.7
2024-05-14,agrivoltaic,PV,irradiance,864,225.71875,0.0,1076.0
2024-05-14,agrivoltaic,PV,temperature,186,22.062365591397853,19.6,25.8
2024-05-14,agrivoltaic,SS,humidity,864,10.051215277777779,3.75,14.9
2024-05-14,agrivoltaic,SS,temperature,864,30.888657407407408,26.69,41.16
2024-05-14,agrivoltaic,TI,humidity,288,66.80000000000001,37.4,85.7
2024-05-14,agrivoltaic,TI,temperature,288,32.1125,27.0,42.9
2024-05-14,ambient,,humidity,288,66.55625,40.9,85.4
2024-05-14,ambient,,temperature,288,31.581944444444446,26.9,39.0
2024-05-14,ground_mounted_pv,PV,irradiance,288,216.96875,0.0,1026.0
2024-05-14,ground_mounted_pv,PV,temperature,72,22.306944444444444,20.1,25.9
2024-05-14,open_sun_control,SS,humidity,801,6.8275905118601745,3.98,9.4
2024-05-14,open_sun_control,SS,temperature,801,31.64305867665418,26.24,43.79
2024-05-14,open_sun_control,TI,humidity,576,64.73229166666667,35.5,88.3
2024-05-14,open_sun_control,TI,temperature,576,32.70086805555556,26.4,43.3
2024-05-15,agrivoltaic,PV,irradiance,864,222.62615740740742,0.0,1157.0
2024-05-15,agrivoltaic,PV,temperature,159,21.80566037735849,19.8,25.6
2024-05-15,agrivoltaic,SS,humidity,864,9.218402777777778,3.59,18.94
2024-05-15,agrivoltaic,SS,temperature,864,32.09097222222222,27.89,39.51
2024-05-15,agrivoltaic,TI,humidity,288,62.14340277777777,38.4,94.9
2024-05-15,agrivoltaic,TI,temperature,288,32.979166666666664,26.0,40.8
2024-05-15,ambient,,humidity,288,60.884027777777774,39.5,85.7
2024-05-15,ambient,,temperature,288,32.63923611111111,27.0,39.9
2024-05-15,ground_mounted_pv,PV,irradiance,288,212.70833333333334,0.0,1109.0
2024-05-15,ground_mounted_pv,PV,temperature,98,23.832653061224487,20.0,37.0
2024-05-15,open_sun_control,SS,humidity,831,5.537509025270758,3.77,12.94
2024-05-15,open_sun_control,SS,temperature,831,34.2185559566787,27.69,46.9
2024-05-15,open_sun_control,TI,humidity,576,59.75034722222222,32.9,97.3
2024-05-15,open_sun_control,TI,temperature,576,34.02395833333333,25.3,44.9
2024-05-16,agrivoltaic,PV,irradiance,864,151.3148148148148,0.0,1064.0
2024-05-16,agrivoltaic,PV,temperature,34,21.620588235294118,20.0,25.3
2024-05-16,agrivoltaic,SS,humidity,864,10.523634259259259,3.59,15.76
2024-05-16,agrivoltaic,SS,temperature,864,28.135127314814813,25.04,37.76
2024-05-16,agrivoltaic,TI,humidity,288,73.43020833333334,47.8,90.3
2024-05-16,agrivoltaic,TI,temperature,288,28.441319444444446,23.9,37.1
2024-05-16,ambient,,humidity,288,72.21666666666667,50.9,90.9
2024-05-16,ambient,,temperature,288,28.121180555555554,23.6,34.8
2024-05-16,ground_mounted_pv,PV,irradiance,288,146.07986111111111,0.0,965.0
2024-05-16,ground_mounted_pv,PV,temperature,22,21.740909090909092,20.1,25.7
2024-05-16,open_sun_control,SS,humidity,860,7.460348837209302,4.0,10.7
2024-05-16,open_sun_control,SS,temperature,860,28.380476744186044,24.67,36.49
2024-05-16,open_sun_control,TI,humidity,576,75.69097222222223,44.2,97.0
2024-05-16,open_sun_control,TI,temperature,576,28.52152777777778,23.3,39.8
2024-05-17,agrivoltaic,PV,irradiance,864,201.59259259259258,0.0,1020.0
2024-05-17,agrivoltaic,PV,temperature,157,21.812101910828027,19.9,24.6
2024-05-17,agrivoltaic,SS,humidity,864,9.764837962962963,3.62,14.39
2024-05-17,agrivoltaic,SS,temperature,864,28.92820601851852,24.54,38.22
2024-05-17,agrivoltaic,TI,humidity,288,70.39652777777778,41.2,90.1
2024-05-17,agrivoltaic,TI,temperature,288,29.663541666666667,24.2,37.4
2024-05-17,ambient,,humidity,288,70.21701388888889,43.0,90.6
2024-05-17,ambient,,temperature,288,29.126388888888886,23.7,35.8
2024-05-17,ground_mounted_pv,PV,irradiance,288,196.86458333333334,0.0,960.0
2024-05-17,ground_mounted_pv,PV,temperature,53,22.00754716981132,20.1,24.6
2024-05-17,open_sun_control,SS,humidity,798,5.3985714285714295,3.77,7.2
2024-05-17,open_sun_control,SS,temperature,798,30.134749373433582,24.32,43.62
2024-05-17,open_sun_control,TI,humidity,576,67.6734375,34.9,92.4
2024-05-17,open_sun_control,TI,temperature,576,30.556770833333335,23.7,42.0
2024-05-18,agrivoltaic,PV,irradiance,812,212.5307881773399,0.0,915.0
2024-05-18,agrivoltaic,PV,temperature,318,18.55817610062893,11.4,24.9
2024-05-18,agrivoltaic,SS,humidity,786,8.8337786259542,3.62,13.66
2024-05-18,agrivoltaic,SS,temperature,786,32.10254452926208,27.18,41.74
2024-05-18,agrivoltaic,TI,humidity,454,37.40088105726872,0.0,87.4
2024-05-18,agrivoltaic,TI,temperature,262,32.9324427480916,27.3,40.6
2024-05-18,ambient,,humidity,262,64.60458015267176,40.2,88.0
2024-05-18,ambient,,rainfall,192,0.0,0.0,0.0
2024-05-18,ambient,,temperature,262,32.5030534351145,27.1,39.1
2024-05-18,ground_mounted_pv,PV,irradiance,262,210.45038167938932,0.0,876.0
2024-05-18,ground_mounted_pv,PV,temperature,93,24.822580645161292,20.0,33.1
2024-05-18,open_sun_control,SS,humidity,689,4.298548621190131,3.67,5.07
2024-05-18,open_sun_control,SS,temperature,689,34.0689114658926,27.33,48.47
2024-05-18,open_sun_control,TI,humidity,524,61.025763358778626,31.7,87.4
2024-05-18,open_sun_control,TI,temperature,524,34.23835877862596,26.7,45.6
2024-05-19,agrivoltaic,PV,irradiance,864,205.99305555555554,0.0,1029.0
2024-05-19,agrivoltaic,PV,temperature,77,21.26883116883117,20.0,23.0
2024-05-19,agrivoltaic,SS,humidity,864,8.049293981481481,3.62,12.9
2024-05-19,agrivoltaic,SS,temperature,864,32.49920138888889,28.31,40.9
2024-05-19,agrivoltaic,TI,humidity,288,66.67847222222223,41.8,85.9
2024-05-19,agrivoltaic,TI,temperature,288,32.68541666666667,27.9,41.1
2024-05-19,ambient,,humidity,288,67.478125,49.3,86.5
2024-05-19,ambient,,temperature,288,32.02534722222222,27.7,37.2
2024-05-19,ground_mounted_pv,PV,irradiance,288,195.74305555555554,0.0,997.0
2024-05-19,ground_mounted_pv,PV,temperature,165,38.02363636363636,20.0,48.9
2024-05-19,open_sun_control,SS,humidity,755,3.9520132450331125,3.59,4.46
2024-05-19,open_sun_control,SS,temperature,755,34.344609271523176,28.4,49.72
2024-05-19,open_sun_control,TI,humidity,576,62.49982638888889,37.1,85.7
2024-05-19,open_sun_control,TI,temperature,576,33.811458333333334,27.4,44.4
2024-05-20,agrivoltaic,PV,irradiance,864,250.02546296296296,0.0,980.0
2024-05-20,agrivoltaic,PV,temperature,187,22.202139037433156,20.0,25.0
2024-05-20,agrivoltaic,SS,humidity,864,7.415868055555556,3.59,12.48
2024-05-20,agrivoltaic,SS,temperature,864,33.68716435185185,28.89,43.3
2024-05-20,agrivoltaic,TI,humidity,288,60.38680555555556,33.5,81.3
2024-05-20,agrivoltaic,TI,temperature,288,34.07604166666667,28.6,45.7
2024-05-20,ambient,,humidity,288,60.885416666666664,41.0,81.7
2024-05-20,ambient,,temperature,288,33.377430555555556,28.4,39.6
2024-05-20,ground_mounted_pv,PV,irradiance,288,234.91666666666666,0.0,954.0
2024-05-20,ground_mounted_pv,PV,temperature,208,31.428365384615386,20.1,48.1
2024-05-20,open_sun_control,SS,humidity,751,3.801478029294274,3.44,4.29
2024-05-20,open_sun_control,SS,temperature,751,35.99079893475366,28.74,55.0
2024-05-20,open_sun_control,TI,humidity,576,56.60798611111111,30.6,81.7
2024-05-20,open_sun_control,TI,temperature,576,35.39635416666667,27.5,47.0
2024-05-21,agrivoltaic,PV,irradiance,864,242.91319444444446,0.0,991.0
2024-05-21,agrivoltaic,PV,temperature,187,21.74010695187166,19.8,24.4
2024-05-21,agrivoltaic,SS,humidity,864,6.869803240740741,3.52,11.85
2024-05-21,agrivoltaic,SS,temperature,864,34.368171296296296,29.72,44.16
2024-05-21,agrivoltaic,TI,humidity,288,60.28333333333333,34.5,77.8
2024-05-21,agrivoltaic,TI,temperature,288,34.192708333333336,29.0,44.9
2024-05-21,ambient,,humidity,288,61.378125000000004,42.7,77.5
2024-05-21,ambient,,temperature,288,33.325694444444444,28.9,39.1
2024-05-21,ground_mounted_pv,PV,irradiance,288,227.38888888888889,0.0,965.0
2024-05-21,ground_mounted_pv,PV,temperature,101,47.943564356435644,23.1,58.8
2024-05-21,open_sun_control,SS,humidity,758,3.6655408970976255,3.28,4.16
2024-05-21,open_sun_control,SS,temperature,758,36.356926121372034,29.28,53.8
2024-05-21,open_sun_control,TI,humidity,576,57.18368055555556,32.2,80.5
2024-05-21,open_sun_control,TI,temperature,576,35.37447916666667,27.6,46.5
2024-05-22,agrivoltaic,PV,irradiance,864,161.75578703703704,0.0,958.0
2024-05-22,agrivoltaic,PV,temperature,51,20.941176470588236,20.0,23.4
2024-05-22,agrivoltaic,SS,humidity,864,8.594259259259259,3.52,20.24
2024-05-22,agrivoltaic,SS,temperature,864,31.360949074074075,26.29,39.61
2024-05-22,agrivoltaic,TI,humidity,197,65.63451776649747,43.2,96.2
2024-05-22,agrivoltaic,TI,temperature,197,33.16446700507614,23.6,40.0
2024-05-22,ambient,,humidity,288,71.71527777777777,45.3,89.7
2024-05-22,ambient,,temperature,288,30.177083333333332,23.7,37.9
2024-05-22,ground_mounted_pv,PV,irradiance,288,155.82986111111111,0.0,931.0
2024-05-22,open_sun_control,SS,humidity,797,7.571380175658721,3.28,20.04
2024-05-22,open_sun_control,SS,temperature,797,32.31992471769134,25.69,48.03
2024-05-22,open_sun_control,TI,humidity,576,72.31215277777778,33.1,97.4
2024-05-22,open_sun_control,TI,temperature,576,31.292187499999997,22.7,45.5
2024-05-23,agrivoltaic,PV,irradiance,846,252.24113475177305,0.0,1266.0
2024-05-23,agrivoltaic,PV,temperature,360,15.355277777777777,9.2,22.7
2024-05-23,agrivoltaic,SS,humidity,834,11.403201438848921,5.15,16.24
2024-05-23,agrivoltaic,SS,temperature,834,28.681498800959233,25.22,36.78
2024-05-23,agrivoltaic,TI,humidity,250,66.482,37.8,94.0
2024-05-23,agrivoltaic,TI,temperature,250,30.994799999999998,24.2,40.1
2024-05-23,ambient,,humidity,270,65.7825925925926,41.7,90.1
2024-05-23,ambient,,temperature,270,30.426296296296297,24.6,36.8
2024-05-23,ground_mounted_pv,PV,irradiance,270,247.95555555555555,0.0,1105.0
2024-05-23,ground_mounted_pv,PV,temperature,56,21.59642857142857,19.9,25.9
2024-05-23,open_sun_control,SS,humidity,760,10.625013157894736,4.77,14.44
2024-05-23,open_sun_control,SS,temperature,760,29.48532894736842,24.79,37.81
2024-05-23,open_sun_control,TI,humidity,552,66.28858695652174,34.8,97.1
2024-05-23,open_sun_control,TI,temperature,552,31.39673913043478,23.7,43.0
2024-05-24,agrivoltaic,PV,irradiance,861,265.91289198606273,0.0,949.0
2024-05-24,agrivoltaic,PV,temperature,150,21.054,19.8,22.6
2024-05-24,agrivoltaic,SS,humidity,825,9.786254545454545,4.82,13.77
2024-05-24,agrivoltaic,SS,temperature,825,30.884945454545456,26.02,40.66
2024-05-24,agrivoltaic,TI,humidity,275,62.21672727272727,36.7,86.5
2024-05-24,agrivoltaic,TI,temperature,275,32.42945454545455,25.8,41.8
2024-05-24,ambient,,humidity,275,61.20399999999999,40.2,84.8
2024-05-24,ambient,,rainfall,225,0.0,0.0,0.0
2024-05-24,ambient,,temperature,275,32.11127272727273,26.0,38.2
2024-05-24,ground_mounted_pv,PV,irradiance,275,263.76,0.0,908.0
2024-05-24,ground_mounted_pv,PV,temperature,29,20.46206896551724,19.8,21.8
2024-05-24,open_sun_control,SS,humidity,771,6.537224383916991,3.9,9.44
2024-05-24,open_sun_control,SS,temperature,771,32.18387808041505,25.54,43.52
2024-05-24,open_sun_control,TI,humidity,562,59.968505338078295,33.6,88.4
2024-05-24,open_sun_control,TI,temperature,562,33.246797153024914,24.8,43.4
2024-05-25,agrivoltaic,PV,irradiance,855,84.57543859649122,0.0,542.0
2024-05-25,agrivoltaic,SS,humidity,843,14.886832740213524,4.59,25.83
2024-05-25,agrivoltaic,SS,temperature,843,27.04729537366548,23.84,30.85
2024-05-25,agrivoltaic,TI,humidity,61,75.03770491803279,69.4,96.1
2024-05-25,agrivoltaic,TI,temperature,61,29.01967213114754,22.0,30.6
2024-05-25,ambient,,humidity,273,80.54505494505494,62.7,93.7
2024-05-25,ambient,,temperature,273,26.917216117216118,22.3,30.9
2024-05-25,ground_mounted_pv,PV,irradiance,273,85.46520146520146,0.0,521.0
2024-05-25,ground_mounted_pv,PV,temperature,222,17.583333333333332,11.3,55.7
2024-05-25,open_sun_control,SS,humidity,843,15.11338078291815,3.9,24.41
2024-05-25,open_sun_control,SS,temperature,843,27.45576512455516,23.07,32.08
2024-05-25,open_sun_control,TI,humidity,558,82.0394265232975,68.5,96.1
2024-05-25,open_sun_control,TI,temperature,558,28.598207885304657,21.7,42.3
2024-05-26,agrivoltaic,PV,irradiance,711,249.042194092827,0.0,1075.0
2024-05-26,agrivoltaic,PV,temperature,294,15.856462585034015,9.4,24.1
2024-05-26,agrivoltaic,SS,humidity,690,14.913739130434783,8.12,20.24
2024-05-26,agrivoltaic,SS,temperature,690,28.758913043478262,25.52,33.71
2024-05-26,agrivoltaic,TI,humidity,5,83.96000000000001,82.1,85.9
2024-05-26,agrivoltaic,TI,temperature,6,28.866666666666664,28.6,29.1
2024-05-26,ambient,,humidity,230,70.75347826086956,51.8,94.2
2024-05-26,ambient,,rainfall,199,0.0,0.0,0.0
2024-05-26,ambient,,temperature,230,30.52521739130435,24.8,35.4
2024-05-26,ground_mounted_pv,PV,irradiance,230,243.17391304347825,0.0,1041.0
2024-05-26,ground_mounted_pv,PV,temperature,22,21.481818181818184,20.2,23.3
2024-05-26,open_sun_control,SS,humidity,642,12.351043613707166,6.69,17.36
2024-05-26,open_sun_control,SS,temperature,642,29.866931464174453,25.44,37.38
2024-05-26,open_sun_control,TI,humidity,459,68.75424836601307,45.2,94.5
2024-05-26,open_sun_control,TI,temperature,460,31.719782608695652,24.5,39.8
2024-05-27,agrivoltaic,PV,irradiance,744,281.7043010752688,0.0,1033.0
2024-05-27,agrivoltaic,PV,temperature,106,21.131132075471697,18.8,23.0
2024-05-27,agrivoltaic,SS,humidity,732,13.039303278688525,7.66,18.08
2024-05-27,agrivoltaic,SS,temperature,732,29.65158469945355,25.59,37.14
2024-05-27,agrivoltaic,TI,humidity,224,88.35714285714286,88.0,94.2
2024-05-27,agrivoltaic,TI,temperature,224,27.354017857142857,24.9,27.5
2024-05-27,ambient,,humidity,244,70.46967213114753,52.0,93.1
2024-05-27,ambient,,temperature,244,30.78893442622951,24.6,36.0
2024-05-27,ground_mounted_pv,PV,irradiance,244,268.094262295082,0.0,981.0
2024-05-27,ground_mounted_pv,PV,temperature,14,20.785714285714285,20.1,21.6
2024-05-27,open_sun_control,SS,humidity,703,8.733271692745376,4.62,12.59
2024-05-27,open_sun_control,SS,temperature,703,31.81399715504979,25.37,40.61
2024-05-27,open_sun_control,TI,humidity,488,66.2110655737705,42.3,92.8
2024-05-27,open_sun_control,TI,temperature,488,32.57745901639344,24.2,42.4
2024-05-28,agrivoltaic,PV,irradiance,721,292.0527045769764,0.0,927.0
2024-05-28,agrivoltaic,PV,temperature,351,17.361538461538462,10.2,23.3
2024-05-28,agrivoltaic,SS,humidity,699,11.578769670958513,7.03,16.38
2024-05-28,agrivoltaic,SS,temperature,699,31.88824034334764,26.78,39.87
2024-05-28,agrivoltaic,TI,humidity,237,14.109704641350211,0.0,88.0
2024-05-28,agrivoltaic,TI,temperature,38,27.5,27.5,27.5
2024-05-28,ambient,,humidity,226,63.23495575221239,48.2,86.0
2024-05-28,ambient,,rainfall,196,0.0,0.0,0.0
2024-05-28,ambient,,temperature,226,32.94203539823009,27.1,37.8
2024-05-28,ground_mounted_pv,PV,irradiance,225,294.44444444444446,0.0,880.0
2024-05-28,ground_mounted_pv,PV,temperature,225,15.552888888888889,10.8,22.3
2024-05-28,open_sun_control,SS,humidity,678,6.755339233038348,4.13,9.35
2024-05-28,open_sun_control,SS,temperature,679,34.647835051546394,26.88,44.96
2024-05-28,open_sun_control,TI,humidity,462,59.33441558441559,35.5,87.9
2024-05-28,open_sun_control,TI,temperature,462,34.70454545454545,26.5,44.6
2024-05-29,agrivoltaic,PV,irradiance,821,213.1023142509135,0.0,954.0
2024-05-29,agrivoltaic,PV,temperature,33,20.36060606060606,20.0,21.3
2024-05-29,agrivoltaic,SS,humidity,810,10.429641975308643,6.47,15.22
2024-05-29,agrivoltaic,SS,temperature,810,31.683703703703703,28.06,37.81
2024-05-29,ambient,,humidity,262,68.71793893129771,53.5,85.4
2024-05-29,ambient,,temperature,262,31.781679389312973,27.7,36.3
2024-05-29,ground_mounted_pv,PV,irradiance,261,211.80459770114942,0.0,916.0
2024-05-29,open_sun_control,SS,humidity,810,4.488234567901235,0.0,7.15
2024-05-29,open_sun_control,SS,temperature,810,34.15276543209877,27.47,45.89
2024-05-29,open_sun_control,TI,humidity,536,63.458955223880594,33.6,88.4
2024-05-29,open_sun_control,TI,temperature,536,34.57537313432836,26.6,47.4
2024-05-30,agrivoltaic,PV,irradiance,729,225.90971193415638,0.0,936.0
2024-05-30,agrivoltaic,PV,temperature,288,16.29347222222222,9.0,24.01
2024-05-30,agrivoltaic,SS,humidity,677,6.355568685376662,0.0,27.8
2024-05-30,agrivoltaic,SS,temperature,677,29.627163958641063,22.33,40.11
2024-05-30,agrivoltaic,TI,humidity,196,0.4607142857142857,0.0,90.3
2024-05-30,agrivoltaic,TI,temperature,1,24.5,24.5,24.5
2024-05-30,ambient,,humidity,225,74.61777777777777,45.0,92.4
2024-05-30,ambient,,temperature,225,29.301333333333336,11.6,37.7
2024-05-30,ground_mounted_pv,PV,irradiance,225,233.50666666666666,0.0,895.0
2024-05-30,ground_mounted_pv,PV,temperature,18,20.23888888888889,20.0,20.7
2024-05-30,open_sun_control,SS,humidity,704,7.5109375,0.0,96.1
2024-05-30,open_sun_control,SS,temperature,704,32.888125,22.87,49.28
2024-05-30,open_sun_control,TI,humidity,465,70.10236559139784,0.0,96.7
2024-05-30,open_sun_control,TI,temperature,465,33.108172043010754,11.5,49.4
2024-05-31,agrivoltaic,PV,irradiance,668,313.4247005988024,0.0,929.0
2024-05-31,agrivoltaic,PV,temperature,329,16.801823708206687,9.1,23.6
2024-05-31,agrivoltaic,SS,humidity,668,1.1413323353293412,0.0,76.2
2024-05-31,agrivoltaic,SS,temperature,668,29.66565868263473,11.2,36.37
2024-05-31,agrivoltaic,TI,humidity,224,94.84598214285714,0.0,95.8
2024-05-31,agrivoltaic,TI,temperature,224,24.724598214285713,24.3,28.62
2024-05-31,ambient,,humidity,222,72.96711711711713,53.3,95.1
2024-05-31,ambient,,temperature,222,30.065765765765768,23.9,35.1
2024-05-31,ground_mounted_pv,PV,irradiance,223,296.9201793721973,0.0,894.0
2024-05-31,ground_mounted_pv,PV,temperature,223,15.160986547085201,10.6,24.7
2024-05-31,open_sun_control,SS,humidity,669,9.697309417040358,0.0,17.5
2024-05-31,open_sun_control,SS,temperature,668,31.638757485029938,24.14,46.29
2024-05-31,open_sun_control,TI,humidity,446,82.82825112107624,0.1,98.3
2024-05-31,open_sun_control,TI,temperature,446,28.78513452914798,23.9,44.6
2024-06-01,agrivoltaic,PV,irradiance,810,257.0777777777778,0.0,1116.0
2024-06-01,agrivoltaic,PV,temperature,153,21.120261437908496,18.6,23.9
2024-06-01,agrivoltaic,SS,humidity,798,0.3993483709273183,0.0,1.82
2024-06-01,agrivoltaic,SS,temperature,798,30.733345864661654,25.44,38.77
2024-06-01,agrivoltaic,TI,humidity,266,14.75075187969925,0.0,95.7
2024-06-01,agrivoltaic,TI,temperature,41,24.7,24.7,24.7
2024-06-01,ambient,,humidity,266,70.75263157894737,50.5,90.1
2024-06-01,ambient,,temperature,266,30.963157894736845,25.8,36.2
2024-06-01,ground_mounted_pv,PV,irradiance,266,246.61654135338347,0.0,1075.0
2024-06-01,ground_mounted_pv,PV,temperature,31,20.5258064516129,20.0,22.2
2024-06-01,open_sun_control,SS,humidity,798,7.3098120300751885,0.0,13.05
2024-06-01,open_sun_control,SS,temperature,798,31.64635338345865,24.64,39.68
2024-06-01,open_sun_control,TI,humidity,532,66.06372180451127,27.5,97.2
2024-06-01,open_sun_control,TI,temperature,532,33.9328947368421,24.7,54.8
2024-06-02,agrivoltaic,PV,irradiance,828,219.18236714975845,0.0,918.0
2024-06-02,agrivoltaic,PV,temperature,17,20.31764705882353,20.0,20.9
2024-06-02,agrivoltaic,SS,humidity,816,0.377781862745098,0.0,10.14
2024-06-02,agrivoltaic,SS,temperature,816,29.93888480392157,25.57,37.95
2024-06-02,ambient,,humidity,264,73.42424242424242,53.1,89.6
2024-06-02,ambient,,temperature,264,29.936742424242425,25.8,35.4
2024-06-02,ground_mounted_pv,PV,irradiance,263,218.2699619771863,0.0,885.0
2024-06-02,open_sun_control,SS,humidity,816,2.9445710784313723,0.0,10.05
2024-06-02,open_sun_control,SS,temperature,816,31.010526960784315,25.34,39.23
2024-06-02,open_sun_control,TI,humidity,540,62.549629629629635,26.1,91.8
2024-06-02,open_sun_control,TI,temperature,540,34.45092592592592,25.1,53.1
2024-06-03,agrivoltaic,PV,irradiance,797,257.30238393977413,0.0,907.0
2024-06-03,agrivoltaic,PV,temperature,188,21.538297872340426,18.9,23.9
2024-06-03,agrivoltaic,SS,humidity,761,0.27713534822601843,0.0,8.95
2024-06-03,agrivoltaic,SS,temperature,761,31.8911038107753,25.74,40.78
2024-06-03,ambient,,humidity,253,67.38932806324111,44.8,92.5
2024-06-03,ambient,,temperature,253,31.729644268774706,26.2,38.2
2024-06-03,ground_mounted_pv,PV,irradiance,254,254.68503937007873,0.0,866.0
2024-06-03,ground_mounted_pv,PV,temperature,52,20.878846153846155,19.1,22.2
2024-06-03,open_sun_control,SS,humidity,785,1.5943057324840764,0.0,5.02
2024-06-03,open_sun_control,SS,temperature,785,33.02996178343949,25.52,43.65
2024-06-03,open_sun_control,TI,humidity,519,55.87071290944124,19.9,93.4
2024-06-03,open_sun_control,TI,temperature,516,37.816472868217055,25.1,59.5
2024-06-04,agrivoltaic,PV,irradiance,822,213.32238442822384,0.0,968.0
2024-06-04,agrivoltaic,PV,temperature,87,21.322988505747126,19.9,23.6
2024-06-04,agrivoltaic,SS,humidity,810,1.127456790123457,0.0,13.57
2024-06-04,agrivoltaic,SS,temperature,810,30.2069012345679,20.79,41.02
2024-06-04,ambient,,humidity,262,71.55496183206107,47.4,93.4
2024-06-04,ambient,,temperature,262,29.910687022900763,22.5,38.2
2024-06-04,ground_mounted_pv,PV,irradiance,262,208.89312977099237,0.0,918.0
2024-06-04,ground_mounted_pv,PV,temperature,20,21.07,20.0,22.2
2024-06-04,open_sun_control,SS,humidity,810,2.427024691358025,0.0,14.29
2024-06-04,open_sun_control,SS,temperature,810,31.049839506172837,21.08,42.83
2024-06-04,open_sun_control,TI,humidity,536,64.50354477611941,20.6,97.5
2024-06-04,open_sun_control,TI,temperature,536,35.172014925373134,22.0,59.2
2024-06-05,agrivoltaic,PV,irradiance,789,150.19518377693282,0.0,954.0
2024-06-05,agrivoltaic,PV,temperature,22,20.80909090909091,20.0,22.8
2024-06-05,agrivoltaic,SS,humidity,753,0.5519256308100929,0.0,12.12
2024-06-05,agrivoltaic,SS,temperature,753,26.72998671978752,22.46,33.95
2024-06-05,ambient,,humidity,251,81.80159362549801,61.7,90.8
2024-06-05,ambient,,temperature,251,27.036653386454184,23.8,34.0
2024-06-05,ground_mounted_pv,PV,irradiance,251,147.18725099601593,0.0,886.0
2024-06-05,ground_mounted_pv,PV,temperature,9,21.133333333333336,20.0,22.1
2024-06-05,open_sun_control,SS,humidity,777,3.8363706563706566,0.0,13.05
2024-06-05,open_sun_control,SS,temperature,777,27.371930501930503,22.38,38.94
2024-06-05,open_sun_control,TI,humidity,514,87.93988326848249,51.7,98.8
2024-06-05,open_sun_control,TI,temperature,514,28.234630350194553,23.5,44.5
2024-06-06,agrivoltaic,PV,irradiance,738,247.47289972899728,0.0,1049.0
2024-06-06,agrivoltaic,PV,temperature,3,20.2,20.0,20.4
2024-06-06,agrivoltaic,SS,humidity,702,0.08631054131054132,0.0,1.39
2024-06-06,agrivoltaic,SS,temperature,702,29.270498575498575,21.71,36.35
2024-06-06,ambient,,humidity,234,75.1482905982906,58.8,95.0
2024-06-06,ambient,,temperature,234,29.71837606837607,22.5,34.2
2024-06-06,ground_mounted_pv,PV,irradiance,234,241.13675213675214,0.0,1001.0
2024-06-06,ground_mounted_pv,PV,temperature,55,21.15818181818182,19.5,23.5
2024-06-06,open_sun_control,SS,humidity,722,3.4852216066481994,0.0,11.74
2024-06-06,open_sun_control,SS,temperature,722,30.08612188365651,21.24,38.46
2024-06-06,open_sun_control,TI,humidity,480,70.70645833333333,40.8,97.2
2024-06-06,open_sun_control,TI,temperature,480,32.13395833333333,22.3,44.3
2024-06-07,agrivoltaic,PV,irradiance,798,173.93483709273184,0.0,1125.0
2024-06-07,agrivoltaic,PV,temperature,37,21.4027027027027,20.0,23.1
2024-06-07,agrivoltaic,SS,humidity,762,0.0,0.0,0.0
2024-06-07,agrivoltaic,SS,temperature,762,28.25194225721785,22.3,34.19
2024-06-07,ambient,,humidity,254,79.42125984251969,60.8,90.4
2024-06-07,ambient,,temperature,254,28.493700787401572,22.9,34.0
2024-06-07,ground_mounted_pv,PV,irradiance,254,174.9291338582677,0.0,1064.0
2024-06-07,ground_mounted_pv,PV,temperature,22,21.904545454545453,19.7,25.3
2024-06-07,open_sun_control,SS,humidity,782,2.907084398976982,0.0,8.95
2024-06-07,open_sun_control,SS,temperature,782,29.088823529411762,22.04,39.61
2024-06-07,open_sun_control,TI,humidity,520,78.36730769230769,38.7,96.7
2024-06-07,open_sun_control,TI,temperature,520,30.482692307692307,22.9,45.7
2024-06-08,agrivoltaic,PV,irradiance,839,216.2026221692491,0.0,1153.0
2024-06-08,agrivoltaic,PV,temperature,72,20.813888888888886,20.0,22.2
2024-06-08,agrivoltaic,SS,humidity,803,0.0,0.0,0.0
2024-06-08,agrivoltaic,SS,temperature,803,29.936226650062267,25.92,39.03
2024-06-08,ambient,,humidity,267,75.75131086142322,57.5,90.4
2024-06-08,ambient,,temperature,267,30.155805243445695,26.7,34.5
2024-06-08,ground_mounted_pv,PV,irradiance,267,214.61423220973782,0.0,1008.0
2024-06-08,ground_mounted_pv,PV,temperature,33,21.106060606060606,20.0,22.4
2024-06-08,open_sun_control,SS,humidity,769,2.9426007802340703,0.0,8.67
2024-06-08,open_sun_control,SS,temperature,769,31.328166449934983,26.09,39.83
2024-06-08,open_sun_control,TI,humidity,547,68.25374771480804,34.7,92.6
2024-06-08,open_sun_control,TI,temperature,547,32.42797074954296,26.1,46.4
2024-06-09,agrivoltaic,PV,irradiance,864,190.85069444444446,0.0,1114.0
2024-06-09,agrivoltaic,PV,temperature,3,20.633333333333333,20.5,20.9
2024-06-09,agrivoltaic,SS,humidity,864,0.0,0.0,0.0
2024-06-09,agrivoltaic,SS,temperature,864,29.73900462962963,24.92,38.29
2024-06-09,ambient,,humidity,288,75.78854166666666,57.8,89.3
2024-06-09,ambient,,temperature,288,29.673958333333335,25.4,34.7
2024-06-09,ground_mounted_pv,PV,irradiance,288,175.09722222222223,0.0,963.0
2024-06-09,ground_mounted_pv,PV,temperature,17,20.429411764705883,20.0,21.3
2024-06-09,open_sun_control,SS,humidity,655,3.112442748091603,0.0,7.61
2024-06-09,open_sun_control,SS,temperature,656,31.013795731707315,24.97,40.61
2024-06-09,open_sun_control,TI,humidity,576,67.03159722222222,35.4,88.1
2024-06-09,open_sun_control,TI,temperature,576,32.11840277777778,25.3,45.9
2024-06-10,agrivoltaic,PV,irradiance,731,222.0656634746922,0.0,950.0
2024-06-10,agrivoltaic,PV,temperature,55,20.723636363636363,19.8,21.9
2024-06-10,agrivoltaic,SS,humidity,719,0.0,0.0,0.0
2024-06-10,agrivoltaic,SS,temperature,719,29.827913769123782,25.49,37.23
2024-06-10,ambient,,humidity,239,71.80836820083682,53.5,89.4
2024-06-10,ambient,,temperature,239,29.58284518828452,26.2,35.0
2024-06-10,ground_mounted_pv,PV,irradiance,239,210.69456066945608,0.0,895.0
2024-06-10,ground_mounted_pv,PV,temperature,33,20.745454545454546,19.6,22.1
2024-06-10,open_sun_control,SS,humidity,495,3.0624646464646466,0.0,6.81
2024-06-10,open_sun_control,SS,temperature,495,31.493373737373737,25.54,41.21
2024-06-10,open_sun_control,TI,humidity,479,62.11461377870564,30.9,88.3
2024-06-10,open_sun_control,TI,temperature,479,32.49457202505219,25.7,48.2
2024-06-11,agrivoltaic,PV,irradiance,723,238.42185338865838,0.0,1013.0
2024-06-11,agrivoltaic,PV,temperature,74,20.69054054054054,20.0,22.0
2024-06-11,agrivoltaic,SS,humidity,712,0.0,0.0,0.0
2024-06-11,agrivoltaic,SS,temperature,712,31.103988764044946,24.77,42.18
2024-06-11,ambient,,humidity,238,68.8546218487395,51.3,89.0
2024-06-11,ambient,,temperature,238,30.75378151260504,25.0,35.6
2024-06-11,ground_mounted_pv,PV,irradiance,237,230.0928270042194,0.0,943.0
2024-06-11,ground_mounted_pv,PV,temperature,13,20.353846153846156,20.0,21.1
2024-06-11,open_sun_control,SS,humidity,475,2.946105263157895,0.0,6.39
2024-06-11,open_sun_control,SS,temperature,475,32.638715789473686,24.69,41.86
2024-06-11,open_sun_control,TI,humidity,475,58.61094736842105,27.2,87.3
2024-06-11,open_sun_control,TI,temperature,475,34.183157894736844,24.6,50.5
2024-06-12,agrivoltaic,PV,irradiance,750,303.71066666666667,0.0,1074.0
2024-06-12,agrivoltaic,PV,temperature,179,21.977653631284916,19.4,27.1
2024-06-12,agrivoltaic,SS,humidity,714,0.0,0.0,0.0
2024-06-12,agrivoltaic,SS,temperature,714,31.530168067226892,24.49,44.69
2024-06-12,ambient,,humidity,238,66.62521008403361,48.3,82.4
2024-06-12,ambient,,temperature,238,30.738655462184873,24.6,37.5
2024-06-12,ground_mounted_pv,PV,irradiance,238,296.89915966386553,0.0,970.0
2024-06-12,ground_mounted_pv,PV,temperature,73,22.183561643835617,20.0,24.9
2024-06-12,open_sun_control,SS,humidity,488,2.799139344262295,0.0,6.05
2024-06-12,open_sun_control,SS,temperature,488,33.56243852459016,24.29,43.4
2024-06-12,open_sun_control,TI,humidity,410,53.6119512195122,22.6,78.7
2024-06-12,open_sun_control,TI,temperature,488,34.97602459016393,24.4,55.7
2024-06-13,agrivoltaic,PV,irradiance,753,240.4223107569721,0.0,1042.0
2024-06-13,agrivoltaic,PV,temperature,98,21.806122448979593,19.6,23.5
2024-06-13,agrivoltaic,SS,humidity,741,0.0,0.0,0.0
2024-06-13,agrivoltaic,SS,temperature,741,31.412442645074222,26.09,41.45
2024-06-13,ambient,,humidity,239,67.65857740585774,48.2,87.6
2024-06-13,ambient,,temperature,239,31.109205020920502,26.4,36.8
2024-06-13,ground_mounted_pv,PV,irradiance,251,220.63346613545818,0.0,976.0
2024-06-13,ground_mounted_pv,PV,temperature,23,21.16521739130435,20.1,22.2
2024-06-13,open_sun_control,SS,humidity,591,2.0863959390862945,0.0,5.45
2024-06-13,open_sun_control,SS,temperature,591,33.95793570219966,25.87,44.36
2024-06-13,open_sun_control,TI,humidity,490,58.02836734693878,23.4,87.8
2024-06-13,open_sun_control,TI,temperature,490,34.863469387755096,25.9,55.7
2024-06-14,agrivoltaic,PV,irradiance,716,236.40782122905028,0.0,949.0
2024-06-14,agrivoltaic,PV,temperature,58,20.617241379310343,19.9,21.8
2024-06-14,agrivoltaic,SS,humidity,704,0.0,0.0,0.0
2024-06-14,agrivoltaic,SS,temperature,704,31.04855113636364,25.92,41.16
2024-06-14,ambient,,humidity,234,67.97735042735043,50.5,88.8
2024-06-14,ambient,,temperature,234,30.514529914529913,26.1,36.1
2024-06-14,ground_mounted_pv,PV,irradiance,234,226.39743589743588,0.0,875.0
2024-06-14,ground_mounted_pv,PV,temperature,3,20.3,20.0,20.5
2024-06-14,open_sun_control,SS,humidity,553,1.9209945750452078,0.0,4.82
2024-06-14,open_sun_control,SS,temperature,553,33.517486437613016,25.84,43.01
2024-06-14,open_sun_control,TI,humidity,469,57.14157782515992,25.6,86.8
2024-06-14,open_sun_control,TI,temperature,469,34.450746268656715,26.0,53.3
2024-06-15,agrivoltaic,PV,irradiance,659,172.04855842185128,0.0,892.0
2024-06-15,agrivoltaic,SS,humidity,611,0.0,0.0,0.0
2024-06-15,agrivoltaic,SS,temperature,611,30.225400981996728,24.11,39.35
2024-06-15,ambient,,humidity,205,66.94243902439025,52.6,82.8
2024-06-15,ambient,,temperature,205,29.53121951219512,24.4,33.7
2024-06-15,ground_mounted_pv,PV,irradiance,205,167.05365853658537,0.0,814.0
2024-06-15,open_sun_control,SS,humidity,421,2.1470546318289787,0.0,4.51
2024-06-15,open_sun_control,SS,temperature,421,31.31163895486936,23.96,39.71
2024-06-15,open_sun_control,TI,humidity,421,58.44750593824229,30.5,79.3
2024-06-15,open_sun_control,TI,temperature,421,32.20071258907363,24.1,47.1
2024-06-16,agrivoltaic,PV,irradiance,616,224.50324675324674,0.0,1009.0
2024-06-16,agrivoltaic,PV,temperature,120,18.964166666666664,12.1,23.3
2024-06-16,agrivoltaic,SS,humidity,603,0.6987562189054727,0.0,14.54
2024-06-16,agrivoltaic,SS,temperature,604,29.21003311258278,23.23,39.71
2024-06-16,ambient,,humidity,189,75.28888888888889,52.5,94.8
2024-06-16,ambient,,temperature,189,28.84338624338624,23.7,34.6
2024-06-16,ground_mounted_pv,PV,irradiance,199,216.59798994974875,0.0,898.0
2024-06-16,ground_mounted_pv,PV,temperature,13,20.853846153846156,20.2,21.7
2024-06-16,open_sun_control,SS,humidity,421,4.8399762470308785,0.0,27.87
2024-06-16,open_sun_control,SS,temperature,421,31.699263657957243,23.81,41.35
2024-06-16,open_sun_control,TI,humidity,377,65.41167108753316,24.9,95.9
2024-06-16,open_sun_control,TI,temperature,377,33.145358090185674,23.8,54.9
2024-06-17,agrivoltaic,PV,irradiance,669,288.64125560538116,0.0,1156.0
2024-06-17,agrivoltaic,PV,temperature,100,21.505,19.7,23.7
2024-06-17,agrivoltaic,SS,humidity,662,0.05027190332326284,0.0,1.18
2024-06-17,agrivoltaic,SS,temperature,662,28.474184290030212,23.4,35.03
2024-06-17,agrivoltaic,TI,humidity,221,0.0,0.0,0.0
2024-06-17,ambient,,humidity,220,74.52363636363637,55.6,94.4
2024-06-17,ambient,,temperature,220,29.088636363636365,23.6,33.7
2024-06-17,ground_mounted_pv,PV,irradiance,221,270.41628959276017,0.0,1176.0
2024-06-17,ground_mounted_pv,PV,temperature,28,20.978571428571428,20.0,22.6
2024-06-17,open_sun_control,SS,humidity,467,8.19625267665953,0.0,23.77
2024-06-17,open_sun_control,SS,temperature,467,30.604518201284794,23.2,42.15
2024-06-17,open_sun_control,TI,humidity,441,94.68367346938776,83.8,96.7
2024-06-17,open_sun_control,TI,temperature,441,27.887755102040817,23.3,43.7
2024-06-18,agrivoltaic,PV,irradiance,674,333.77299703264094,0.0,1006.0
2024-06-18,agrivoltaic,PV,temperature,358,18.742737430167598,9.7,25.7
2024-06-18,agrivoltaic,SS,humidity,666,0.0,0.0,0.0
2024-06-18,agrivoltaic,SS,temperature,666,30.485075075075077,25.32,37.79
2024-06-18,agrivoltaic,TI,humidity,222,0.0,0.0,0.0
2024-06-18,ambient,,humidity,222,69.32972972972973,47.9,94.9
2024-06-18,ambient,,temperature,212,31.59245283018868,25.5,36.6
2024-06-18,ground_mounted_pv,PV,irradiance,222,322.2567567567568,0.0,958.0
2024-06-18,ground_mounted_pv,PV,temperature,69,22.26231884057971,19.3,24.7
2024-06-18,open_sun_control,SS,humidity,520,5.989173076923077,0.0,15.97
2024-06-18,open_sun_control,SS,temperature,520,33.188057692307694,25.42,44.39
2024-06-18,open_sun_control,TI,humidity,444,77.51779279279279,42.4,97.9
2024-06-18,open_sun_control,TI,temperature,444,33.95698198198198,25.3,45.6
2024-06-19,agrivoltaic,PV,irradiance,485,205.83917525773197,0.0,844.0
2024-06-19,agrivoltaic,PV,temperature,75,16.54,8.6,22.5
2024-06-19,agrivoltaic,SS,humidity,451,0.06527716186252772,0.0,5.87
2024-06-19,agrivoltaic,SS,temperature,452,27.783805309734515,21.86,33.14
2024-06-19,agrivoltaic,TI,humidity,158,0.0,0.0,0.0
2024-06-19,ambient,,humidity,150,74.81466666666667,63.2,91.9
2024-06-19,ambient,,temperature,150,28.49,22.3,31.3
2024-06-19,ground_mounted_pv,PV,irradiance,151,209.28476821192052,0.0,804.0
2024-06-19,ground_mounted_pv,PV,temperature,6,20.816666666666666,20.2,21.2
2024-06-19,open_sun_control,SS,humidity,308,9.53448051948052,0.0,21.18
2024-06-19,open_sun_control,SS,temperature,308,29.100714285714286,22.2,37.28
2024-06-19,open_sun_control,TI,humidity,307,85.16123778501628,55.6,98.5
2024-06-19,open_sun_control,TI,temperature,308,29.752922077922076,21.5,38.3
2024-06-20,agrivoltaic,PV,irradiance,587,271.97444633730834,0.0,955.0
2024-06-20,agrivoltaic,PV,temperature,15,20.233333333333334,20.0,20.7
2024-06-20,agrivoltaic,SS,humidity,573,0.0,0.0,0.0
2024-06-20,agrivoltaic,SS,temperature,573,29.434869109947645,24.16,35.8
2024-06-20,ambient,,humidity,191,75.6413612565445,60.1,90.3
2024-06-20,ambient,,temperature,191,29.92931937172775,25.0,34.2
2024-06-20,ground_mounted_pv,PV,irradiance,191,264.73298429319374,0.0,911.0
2024-06-20,open_sun_control,SS,humidity,383,6.936788511749347,0.0,16.85
2024-06-20,open_sun_control,SS,temperature,383,30.503994778067888,24.44,37.81
2024-06-20,open_sun_control,TI,humidity,383,79.69608355091384,50.5,97.7
2024-06-20,open_sun_control,TI,temperature,383,31.919060052219322,24.5,42.4
2024-06-21,agrivoltaic,PV,irradiance,558,361.5824372759857,0.0,880.0
2024-06-21,agrivoltaic,PV,temperature,122,20.839344262295082,20.0,22.4
2024-06-21,agrivoltaic,SS,humidity,546,3.1271428571428572,0.0,10.05
2024-06-21,agrivoltaic,SS,temperature,546,29.767710622710624,24.19,36.64
2024-06-21,agrivoltaic,TI,humidity,182,0.0,0.0,0.0
2024-06-21,ambient,,humidity,182,72.22087912087912,57.1,90.7
2024-06-21,ambient,,temperature,182,30.20659340659341,24.5,34.8
2024-06-21,ground_mounted_pv,PV,irradiance,182,354.5164835164835,0.0,830.0
2024-06-21,ground_mounted_pv,PV,temperature,20,20.64,20.1,21.6
2024-06-21,open_sun_control,SS,humidity,520,4.701288461538462,0.0,13.27
2024-06-21,open_sun_control,SS,temperature,520,32.24840384615384,23.91,38.94
2024-06-21,open_sun_control,TI,humidity,376,69.74920212765957,49.2,97.7
2024-06-21,open_sun_control,TI,temperature,376,34.463297872340426,24.2,49.0
2024-06-22,agrivoltaic,PV,irradiance,561,365.6631016042781,0.0,1065.0
2024-06-22,agrivoltaic,PV,temperature,272,17.155882352941177,9.5,23.2
2024-06-22,agrivoltaic,SS,humidity,549,9.876539162112934,0.0,19.0
2024-06-22,agrivoltaic,SS,temperature,549,29.746612021857924,24.69,34.65
2024-06-22,agrivoltaic,TI,humidity,183,0.0,0.0,0.0
2024-06-22,ambient,,humidity,183,71.75136612021858,60.1,90.2
2024-06-22,ambient,,temperature,183,30.321311475409836,25.0,33.8
2024-06-22,ground_mounted_pv,PV,irradiance,183,349.5081967213115,0.0,1015.0
2024-06-22,ground_mounted_pv,PV,temperature,21,20.48095238095238,20.0,21.6
2024-06-22,open_sun_control,SS,humidity,480,11.4934375,0.0,20.49
2024-06-22,open_sun_control,SS,temperature,480,33.009541666666664,24.37,40.97
2024-06-22,open_sun_control,TI,humidity,366,65.68142076502733,40.7,97.1
2024-06-22,open_sun_control,TI,temperature,366,35.09398907103825,24.7,49.7
2024-06-23,agrivoltaic,PV,irradiance,528,324.21022727272725,0.0,1038.0
2024-06-23,agrivoltaic,PV,temperature,367,15.498092643051772,9.6,21.6
2024-06-23,agrivoltaic,SS,humidity,516,15.286240310077519,12.05,18.43
2024-06-23,agrivoltaic,SS,temperature,516,29.29106589147287,26.41,32.06
2024-06-23,agrivoltaic,TI,humidity,172,0.0,0.0,0.0
2024-06-23,ambient,,humidity,172,73.08546511627907,57.7,90.2
2024-06-23,ambient,,temperature,172,30.246511627906976,25.7,34.3
2024-06-23,ground_mounted_pv,PV,irradiance,172,323.7732558139535,0.0,980.0
2024-06-23,open_sun_control,SS,humidity,344,18.59343023255814,17.0,20.04
2024-06-23,open_sun_control,SS,temperature,344,31.33171511627907,27.08,35.44
2024-06-23,open_sun_control,TI,humidity,344,66.24186046511628,45.1,96.1
2024-06-23,open_sun_control,TI,temperature,344,34.4953488372093,24.9,48.7
2024-06-24,agrivoltaic,PV,irradiance,552,198.2336956521739,0.0,1000.0
2024-06-24,agrivoltaic,PV,temperature,364,12.197802197802197,9.0,21.1
2024-06-24,agrivoltaic,SS,humidity,540,16.63612962962963,11.85,25.93
2024-06-24,agrivoltaic,SS,temperature,540,27.162481481481482,24.69,30.13
2024-06-24,agrivoltaic,TI,humidity,180,0.0,0.0,0.0
2024-06-24,ambient,,humidity,180,84.63222222222223,73.0,91.9
2024-06-24,ambient,,temperature,180,26.637777777777778,23.8,31.2
2024-06-24,ground_mounted_pv,PV,irradiance,180,188.9388888888889,0.0,958.0
2024-06-24,open_sun_control,SS,humidity,360,18.48725,15.37,21.96
2024-06-24,open_sun_control,SS,temperature,360,28.43969444444445,25.79,31.82
2024-06-24,open_sun_control,TI,humidity,360,86.72,54.5,97.5
2024-06-24,open_sun_control,TI,temperature,360,28.5875,23.8,39.7
2024-06-25,agrivoltaic,PV,irradiance,400,237.1072,0.0,1079.0
2024-06-25,agrivoltaic,PV,temperature,400,14.576775,9.4,26.96
2024-06-25,agrivoltaic,SS,humidity,173,19.45294797687861,17.3,26.43
2024-06-25,agrivoltaic,SS,temperature,173,27.765953757225436,24.92,30.1
2024-06-25,agrivoltaic,TI,humidity,252,3.0753968253968256,0.0,91.0
2024-06-25,agrivoltaic,TI,temperature,185,13.705405405405406,9.4,21.0
2024-06-25,ambient,,humidity,173,11.97606936416185,11.81,12.28
2024-06-25,ambient,,rainfall,173,20.129479768786126,17.66,24.73
2024-06-25,ambient,,temperature,173,28.39913294797688,24.94,31.02
2024-06-25,ground_mounted_pv,PV,irradiance,173,19.805895953757226,18.37,25.93
2024-06-25,ground_mounted_pv,PV,temperature,173,27.23473988439306,24.37,29.33
2024-06-25,open_sun_control,SS,humidity,543,60.13178637200737,15.22,98.7
2024-06-25,open_sun_control,SS,temperature,543,30.197329650092083,23.9,39.1
2024-06-25,open_sun_control,TI,humidity,55,13.763636363636364,0.0,90.0
2024-06-25,open_sun_control,TI,temperature,173,14.046242774566474,9.7,20.9
2024-06-26,agrivoltaic,PV,irradiance,534,390.51310861423224,0.0,1015.0
2024-06-26,agrivoltaic,PV,temperature,143,21.86993006993007,20.1,24.8
2024-06-26,agrivoltaic,SS,humidity,512,20.2509765625,12.28,27.52
2024-06-26,agrivoltaic,SS,temperature,512,29.2022265625,25.27,32.61
2024-06-26,agrivoltaic,TI,humidity,174,0.0,0.0,0.0
2024-06-26,ambient,,humidity,164,69.05000000000001,52.2,95.0
2024-06-26,ambient,,temperature,164,31.53170731707317,24.9,35.6
2024-06-26,ground_mounted_pv,PV,irradiance,174,382.5057471264368,0.0,974.0
2024-06-26,ground_mounted_pv,PV,temperature,44,21.736363636363635,20.0,24.6
2024-06-26,open_sun_control,SS,humidity,338,20.4596449704142,16.85,22.02
2024-06-26,open_sun_control,SS,temperature,338,30.983905325443786,25.49,35.7
2024-06-26,open_sun_control,TI,humidity,338,74.74526627218935,45.4,98.3
2024-06-26,open_sun_control,TI,temperature,338,33.66656804733728,24.3,40.8
2024-06-27,agrivoltaic,PV,irradiance,505,130.44356435643564,0.0,448.0
2024-06-27,agrivoltaic,PV,temperature,1,9.6,9.6,9.6
2024-06-27,agrivoltaic,SS,humidity,485,21.35117525773196,11.96,28.65
2024-06-27,agrivoltaic,SS,temperature,485,26.706226804123713,24.82,28.4
2024-06-27,agrivoltaic,TI,humidity,1,0.0,0.0,0.0
2024-06-27,ambient,,humidity,161,85.28136645962732,73.4,91.6
2024-06-27,ambient,,temperature,161,27.065838509316773,22.5,30.6
2024-06-27,ground_mounted_pv,PV,irradiance,162,133.15432098765433,0.0,436.0
2024-06-27,open_sun_control,SS,humidity,491,20.315437881873727,18.18,24.8
2024-06-27,open_sun_control,SS,temperature,491,27.775804480651733,25.44,30.27
2024-06-27,open_sun_control,TI,humidity,331,89.58731117824775,71.3,97.7
2024-06-27,open_sun_control,TI,temperature,331,27.422356495468275,21.5,33.1
2024-06-28,agrivoltaic,PV,irradiance,554,286.05956678700363,0.0,931.0
2024-06-28,agrivoltaic,SS,humidity,494,24.48,18.37,29.72
2024-06-28,agrivoltaic,SS,temperature,494,27.684534412955465,23.73,31.07
2024-06-28,ambient,,humidity,164,75.84390243902439,64.0,94.6
2024-06-28,ambient,,temperature,164,29.337195121951222,23.0,32.6
2024-06-28,ground_mounted_pv,PV,irradiance,165,320.24242424242425,0.0,887.0
2024-06-28,open_sun_control,SS,humidity,491,21.90315682281059,19.52,24.25
2024-06-28,open_sun_control,SS,temperature,491,29.41040733197556,24.19,32.87
2024-06-28,open_sun_control,TI,humidity,350,76.57,53.4,98.8
2024-06-28,open_sun_control,TI,temperature,350,31.101714285714287,22.4,37.1
2024-06-29,agrivoltaic,PV,irradiance,564,289.4237588652482,0.0,978.0
2024-06-29,agrivoltaic,PV,temperature,225,15.52311111111111,9.9,22.4
2024-06-29,agrivoltaic,SS,humidity,555,23.39888288288288,17.4,29.2
2024-06-29,agrivoltaic,SS,temperature,546,28.448113553113554,25.89,30.97
2024-06-29,ambient,,humidity,168,74.72857142857143,61.6,93.4
2024-06-29,ambient,,rainfall,168,0.0,0.0,0.0
2024-06-29,ambient,,temperature,168,30.406547619047622,25.7,33.5
2024-06-29,ground_mounted_pv,PV,irradiance,179,294.70949720670393,0.0,925.0
2024-06-29,ground_mounted_pv,PV,temperature,9,20.577777777777776,20.1,21.4
2024-06-29,open_sun_control,SS,humidity,398,20.767713567839195,18.02,24.25
2024-06-29,open_sun_control,SS,temperature,387,29.947700258397933,26.26,33.88
2024-06-29,open_sun_control,TI,humidity,367,69.7708446866485,49.4,95.7
2024-06-29,open_sun_control,TI,temperature,367,32.42397820163488,25.1,40.6
2024-06-30,agrivoltaic,PV,irradiance,502,303.82868525896413,0.0,1054.0
2024-06-30,agrivoltaic,PV,temperature,33,20.881818181818183,20.0,22.7
2024-06-30,agrivoltaic,SS,humidity,482,23.405207468879667,18.69,28.75
2024-06-30,agrivoltaic,SS,temperature,482,27.227717842323653,24.06,30.25
2024-06-30,ambient,,humidity,162,72.89012345679012,61.6,93.3
2024-06-30,ambient,,rainfall,153,0.0,0.0,0.0
2024-06-30,ambient,,temperature,162,28.721604938271604,23.5,32.1
2024-06-30,ground_mounted_pv,PV,irradiance,161,301.50931677018633,0.0,1011.0
2024-06-30,ground_mounted_pv,PV,temperature,3,21.099999999999998,20.9,21.4
2024-06-30,open_sun_control,SS,humidity,356,21.283539325842696,18.37,23.55
2024-06-30,open_sun_control,SS,temperature,356,29.40974719101124,24.82,33.67
2024-06-30,open_sun_control,TI,humidity,321,75.7342679127726,50.9,98.1
2024-06-30,open_sun_control,TI,temperature,322,30.787888198757766,23.0,37.9
2024-07-01,agrivoltaic,PV,irradiance,555,335.5009009009009,0.0,1106.0
2024-07-01,agrivoltaic,PV,temperature,7,20.214285714285715,20.0,20.4
2024-07-01,agrivoltaic,SS,humidity,520,23.762519230769232,18.69,29.32
2024-07-01,agrivoltaic,SS,temperature,520,27.604884615384616,24.77,29.76
2024-07-01,ambient,,humidity,175,76.592,64.6,95.2
2024-07-01,ambient,,temperature,175,29.165714285714287,23.7,32.5
2024-07-01,ground_mounted_pv,PV,irradiance,174,344.0344827586207,0.0,1046.0
2024-07-01,open_sun_control,SS,humidity,356,23.944803370786516,20.66,27.08
2024-07-01,open_sun_control,SS,temperature,356,29.254157303370786,25.39,32.56
2024-07-01,open_sun_control,TI,humidity,355,77.52957746478873,53.6,98.1
2024-07-01,open_sun_control,TI,temperature,355,31.227042253521127,23.8,38.9
2024-07-02,agrivoltaic,PV,irradiance,540,358.4425925925926,0.0,928.0
2024-07-02,agrivoltaic,PV,temperature,2,20.1,20.0,20.2
2024-07-02,agrivoltaic,SS,humidity,528,22.57528409090909,17.3,28.48
2024-07-02,agrivoltaic,SS,temperature,528,27.805719696969696,25.44,30.68
2024-07-02,ambient,,humidity,176,73.98522727272727,60.8,90.6
2024-07-02,ambient,,temperature,176,29.985227272727272,25.7,33.0
2024-07-02,ground_mounted_pv,PV,irradiance,176,350.64204545454544,0.0,896.0
2024-07-02,open_sun_control,SS,humidity,364,22.22164835164835,18.53,25.66
2024-07-02,open_sun_control,SS,temperature,364,29.22554945054945,25.77,32.63
2024-07-02,open_sun_control,TI,humidity,364,72.17197802197802,55.0,97.9
2024-07-02,open_sun_control,TI,temperature,364,31.609065934065935,25.1,37.3
2024-07-03,agrivoltaic,PV,irradiance,358,175.79608938547486,0.0,795.0
2024-07-03,agrivoltaic,SS,humidity,179,18.98217877094972,18.34,19.46
2024-07-03,agrivoltaic,SS,temperature,179,26.429385474860332,25.27,27.77
2024-07-03,agrivoltaic,TI,humidity,74,19.10810810810811,0.0,96.0
2024-07-03,agrivoltaic,TI,temperature,179,12.155307262569833,9.8,16.6
2024-07-03,ambient,,humidity,158,17.26481012658228,16.59,17.72
2024-07-03,ambient,,rainfall,158,24.534683544303796,24.08,24.9
2024-07-03,ambient,,temperature,158,26.485,25.22,27.64
2024-07-03,ground_mounted_pv,PV,irradiance,179,26.73050279329609,26.09,27.04
2024-07-03,ground_mounted_pv,PV,temperature,179,26.405474860335197,25.37,27.72
2024-07-03,open_sun_control,SS,humidity,515,55.78825242718447,17.82,90.4
2024-07-03,open_sun_control,SS,temperature,515,28.214970873786406,24.8,33.3
2024-07-03,open_sun_control,TI,humidity,54,25.944444444444443,0.0,90.0
2024-07-04,agrivoltaic,PV,irradiance,544,226.9191176470588,0.0,1068.0
2024-07-04,agrivoltaic,SS,humidity,524,20.140267175572518,16.07,26.09
2024-07-04,agrivoltaic,SS,temperature,524,26.955687022900765,24.92,28.55
2024-07-04,ambient,,humidity,166,76.2,66.2,93.8
2024-07-04,ambient,,temperature,166,28.54759036144578,24.8,31.2
2024-07-04,ground_mounted_pv,PV,irradiance,166,242.14457831325302,0.0,787.0
2024-07-04,open_sun_control,SS,humidity,354,20.793898305084745,17.0,25.12
2024-07-04,open_sun_control,SS,temperature,354,28.103954802259885,25.37,30.54
2024-07-04,open_sun_control,TI,humidity,354,72.99011299435028,57.0,92.4
2024-07-04,open_sun_control,TI,temperature,354,29.70762711864407,24.5,35.1
2024-07-05,agrivoltaic,PV,irradiance,564,296.89716312056737,0.0,969.0
2024-07-05,agrivoltaic,PV,temperature,121,21.53636363636364,20.0,24.6
2024-07-05,agrivoltaic,SS,humidity,521,19.447562380038388,15.22,25.6
2024-07-05,agrivoltaic,SS,temperature,521,28.780287907869482,25.19,32.47
2024-07-05,ambient,,humidity,169,68.89763313609468,51.4,91.8
2024-07-05,ambient,,rainfall,1,0.0,0.0,0.0
2024-07-05,ambient,,temperature,169,30.90177514792899,25.1,35.5
2024-07-05,ground_mounted_pv,PV,irradiance,168,325.4107142857143,0.0,933.0
2024-07-05,ground_mounted_pv,PV,temperature,36,21.28611111111111,20.0,23.7
2024-07-05,open_sun_control,SS,humidity,357,21.037254901960786,16.38,27.76
2024-07-05,open_sun_control,SS,temperature,357,29.99014005602241,25.62,34.53
2024-07-05,open_sun_control,TI,humidity,357,67.37787114845939,49.7,92.8
2024-07-05,open_sun_control,TI,temperature,357,32.3593837535014,24.5,39.7
2024-07-06,agrivoltaic,PV,irradiance,533,308.22138836772984,0.0,1051.0
2024-07-06,agrivoltaic,PV,temperature,71,20.79718309859155,20.0,22.0
2024-07-06,agrivoltaic,SS,humidity,492,18.49018292682927,14.14,24.85
2024-07-06,agrivoltaic,SS,temperature,492,28.717642276422765,25.59,32.51
2024-07-06,ambient,,humidity,164,72.95487804878049,57.1,92.2
2024-07-06,ambient,,temperature,164,29.878048780487806,25.1,34.8
2024-07-06,ground_mounted_pv,PV,irradiance,164,321.359756097561,0.0,1008.0
2024-07-06,ground_mounted_pv,PV,temperature,21,20.747619047619047,20.0,21.5
2024-07-06,open_sun_control,SS,humidity,409,18.56828850855746,15.58,23.39
2024-07-06,open_sun_control,SS,temperature,409,30.294498777506114,26.24,34.26
2024-07-06,open_sun_control,TI,humidity,339,69.75604719764011,52.0,91.6
2024-07-06,open_sun_control,TI,temperature,339,31.40206489675516,24.5,39.2
2024-07-07,agrivoltaic,PV,irradiance,494,210.2327935222672,0.0,732.0
2024-07-07,agrivoltaic,SS,humidity,460,17.497478260869567,13.47,23.77
2024-07-07,agrivoltaic,SS,temperature,462,27.90090909090909,25.84,29.81
2024-07-07,ambient,,humidity,155,74.62838709677419,0.0,91.9
2024-07-07,ambient,,temperature,153,29.028758169934637,25.5,31.8
2024-07-07,ground_mounted_pv,PV,irradiance,154,218.0194805194805,0.0,619.0
2024-07-07,open_sun_control,SS,humidity,315,18.07463492063492,15.22,21.33
2024-07-07,open_sun_control,SS,temperature,317,28.54570977917981,26.26,30.39
2024-07-07,open_sun_control,TI,humidity,313,73.52044728434505,54.6,92.2
2024-07-07,open_sun_control,TI,temperature,313,30.00191693290735,24.8,35.3
2024-07-08,agrivoltaic,PV,irradiance,528,302.51704545454544,0.0,1015.0
2024-07-08,agrivoltaic,PV,temperature,20,20.475,19.5,21.5
2024-07-08,agrivoltaic,SS,humidity,494,17.01674089068826,12.94,28.55
2024-07-08,agrivoltaic,SS,temperature,493,28.731054766734278,9.04,32.23
2024-07-08,ambient,,humidity,156,72.18461538461538,58.1,92.2
2024-07-08,ambient,,temperature,156,29.933333333333337,25.5,33.5
2024-07-08,ground_mounted_pv,PV,irradiance,168,302.5833333333333,0.0,971.0
2024-07-08,open_sun_control,SS,humidity,356,17.303876404494382,14.5,22.27
2024-07-08,open_sun_control,SS,temperature,356,29.309550561797757,25.97,32.56
2024-07-08,open_sun_control,TI,humidity,332,69.06265060240963,52.8,92.9
2024-07-08,open_sun_control,TI,temperature,332,31.43433734939759,24.7,38.2
2024-07-09,agrivoltaic,PV,irradiance,496,191.7923387096774,0.0,1057.0
2024-07-09,agrivoltaic,PV,temperature,1,20.5,20.5,20.5
2024-07-09,agrivoltaic,SS,humidity,478,25.690355648535565,22.43,27.76
2024-07-09,agrivoltaic,SS,temperature,478,25.633179916317992,23.28,26.98
2024-07-09,ambient,,humidity,152,84.8578947368421,0.0,96.5
2024-07-09,ambient,,temperature,151,25.454304635761588,21.5,27.0
2024-07-09,ground_mounted_pv,PV,irradiance,151,204.17218543046357,0.0,953.0
2024-07-09,open_sun_control,SS,humidity,315,24.933460317460316,23.07,27.63
2024-07-09,open_sun_control,SS,temperature,315,26.79231746031746,23.45,28.35
2024-07-09,open_sun_control,TI,humidity,314,93.39808917197452,84.5,97.9
2024-07-09,open_sun_control,TI,temperature,314,26.846178343949045,21.6,33.9
2024-07-10,agrivoltaic,PV,irradiance,524,356.043893129771,0.0,1077.0
2024-07-10,agrivoltaic,PV,temperature,351,14.888034188034187,9.6,21.1
2024-07-10,agrivoltaic,SS,humidity,513,24.17563352826511,20.4,27.76
2024-07-10,agrivoltaic,SS,temperature,513,27.333040935672514,24.27,29.86
2024-07-10,ambient,,humidity,171,73.7187134502924,60.8,94.0
2024-07-10,ambient,,temperature,171,29.494736842105265,24.0,32.8
2024-07-10,ground_mounted_pv,PV,irradiance,171,348.4561403508772,0.0,1026.0
2024-07-10,ground_mounted_pv,PV,temperature,2,20.85,20.4,21.3
2024-07-10,open_sun_control,SS,humidity,348,23.66752873563218,21.96,25.83
2024-07-10,open_sun_control,SS,temperature,348,28.626034482758623,24.62,31.36
2024-07-10,open_sun_control,TI,humidity,348,70.61839080459771,53.1,98.8
2024-07-10,open_sun_control,TI,temperature,348,31.85603448275862,22.7,39.6
2024-07-11,agrivoltaic,PV,irradiance,537,171.98882681564245,0.0,952.0
2024-07-11,agrivoltaic,SS,humidity,525,25.49809523809524,19.62,30.68
2024-07-11,agrivoltaic,SS,temperature,525,25.882133333333336,23.53,28.72
2024-07-11,ambient,,humidity,167,86.99580838323352,74.0,94.2
2024-07-11,ambient,,temperature,167,25.524550898203596,21.9,30.6
2024-07-11,ground_mounted_pv,PV,irradiance,179,165.18994413407822,0.0,870.0
2024-07-11,open_sun_control,SS,humidity,394,25.52243654822335,22.18,29.72
2024-07-11,open_sun_control,SS,temperature,394,26.749162436548225,24.54,29.76
2024-07-11,open_sun_control,TI,humidity,354,83.63559322033899,63.3,94.7
2024-07-11,open_sun_control,TI,temperature,343,28.4469387755102,21.8,33.8
2024-07-12,agrivoltaic,PV,irradiance,450,392.3688888888889,0.0,1237.0
2024-07-12,agrivoltaic,PV,temperature,4,20.45,20.0,21.1
2024-07-12,agrivoltaic,SS,humidity,439,26.768359908883827,22.81,28.59
2024-07-12,agrivoltaic,SS,temperature,439,26.73958997722096,23.3,30.13
2024-07-12,ambient,,humidity,147,76.38095238095238,64.3,95.6
2024-07-12,ambient,,temperature,147,28.719727891156463,22.5,31.8
2024-07-12,ground_mounted_pv,PV,irradiance,146,391.7191780821918,0.0,1177.0
2024-07-12,open_sun_control,SS,humidity,310,27.05748387096774,25.45,28.48
2024-07-12,open_sun_control,SS,temperature,310,28.018806451612903,23.99,30.95
2024-07-12,open_sun_control,TI,humidity,292,85.28082191780823,55.1,98.2
2024-07-12,open_sun_control,TI,temperature,293,29.944368600682598,23.0,36.8
2024-07-13,agrivoltaic,PV,irradiance,666,158.77327327327328,0.0,899.0
2024-07-13,agrivoltaic,PV,temperature,1,20.1,20.1,20.1
2024-07-13,agrivoltaic,SS,humidity,661,25.301301059001513,20.75,27.8
2024-07-13,agrivoltaic,SS,temperature,661,26.75284417549168,25.19,29.45
2024-07-13,ambient,,humidity,217,82.02995391705069,70.5,92.2
2024-07-13,ambient,,temperature,217,27.794930875576036,25.1,31.8
2024-07-13,ground_mounted_pv,PV,irradiance,222,157.0,0.0,1053.0
2024-07-13,open_sun_control,SS,humidity,440,26.53052272727273,25.28,27.91
2024-07-13,open_sun_control,SS,temperature,440,27.956136363636364,26.12,29.67
2024-07-13,open_sun_control,TI,humidity,440,39.36272727272727,0.0,90.2
2024-07-13,open_sun_control,TI,temperature,223,28.617040358744397,24.8,34.5
2024-07-14,agrivoltaic,PV,irradiance,668,157.80239520958085,0.0,861.0
2024-07-14,agrivoltaic,SS,humidity,656,23.39830792682927,16.69,27.15
2024-07-14,agrivoltaic,SS,temperature,656,26.25643292682927,24.92,28.89
2024-07-14,ambient,,humidity,211,82.49668246445498,69.4,91.8
2024-07-14,ambient,,temperature,211,27.082938388625593,25.1,30.9
2024-07-14,ground_mounted_pv,PV,irradiance,219,155.81278538812785,0.0,836.0
2024-07-14,ground_mounted_pv,PV,temperature,211,12.04739336492891,9.7,18.4
2024-07-14,open_sun_control,SS,humidity,430,26.040348837209304,24.9,27.41
2024-07-14,open_sun_control,SS,temperature,430,27.504627906976744,25.74,29.26
2024-07-14,open_sun_control,TI,humidity,437,39.29038901601831,0.0,92.5
2024-07-14,open_sun_control,TI,temperature,219,27.877625570776257,24.5,34.6
2024-07-15,agrivoltaic,PV,irradiance,684,132.55409356725147,0.0,657.0
2024-07-15,agrivoltaic,SS,humidity,639,20.525821596244132,16.28,26.48
2024-07-15,agrivoltaic,SS,temperature,648,26.075154320987654,24.69,27.35
2024-07-15,ambient,,humidity,216,83.97361111111111,75.3,94.3
2024-07-15,ambient,,temperature,216,26.747685185185187,24.4,29.4
2024-07-15,ground_mounted_pv,PV,irradiance,216,134.85185185185185,0.0,621.0
2024-07-15,open_sun_control,SS,humidity,444,25.64565315315315,24.58,26.86
2024-07-15,open_sun_control,SS,temperature,444,27.250945945945947,25.47,28.45
2024-07-15,open_sun_control,TI,humidity,444,41.63783783783784,0.0,90.7
2024-07-15,open_sun_control,TI,temperature,228,27.174122807017543,24.2,31.5
2024-07-16,agrivoltaic,PV,irradiance,661,266.0075642965204,0.0,1078.0
2024-07-16,agrivoltaic,PV,temperature,177,14.801694915254238,10.1,22.6
2024-07-16,agrivoltaic,SS,humidity,642,19.89665109034268,15.76,26.09
2024-07-16,agrivoltaic,SS,temperature,642,27.298613707165106,24.44,30.08
2024-07-16,ambient,,humidity,215,78.2879069767442,64.9,94.1
2024-07-16,ambient,,temperature,215,28.731162790697674,23.9,33.2
2024-07-16,ground_mounted_pv,PV,irradiance,214,266.49532710280374,0.0,1042.0
2024-07-16,ground_mounted_pv,PV,temperature,5,20.3,20.0,20.9
2024-07-16,open_sun_control,SS,humidity,448,25.071495535714288,23.88,26.54
2024-07-16,open_sun_control,SS,temperature,448,28.382120535714286,25.37,30.9
2024-07-16,open_sun_control,TI,humidity,447,39.48635346756152,0.0,91.6
2024-07-16,open_sun_control,TI,temperature,233,29.4587982832618,24.0,37.4
2024-07-17,agrivoltaic,PV,irradiance,644,202.8944099378882,0.0,1138.0
2024-07-17,agrivoltaic,SS,humidity,638,19.74219435736677,15.26,25.45
2024-07-17,agrivoltaic,SS,temperature,638,27.205689655172414,25.27,29.16
2024-07-17,ambient,,humidity,212,79.63207547169812,67.5,91.6
2024-07-17,ambient,,temperature,212,28.279716981132076,25.0,31.7
2024-07-17,ground_mounted_pv,PV,irradiance,212,196.85849056603774,0.0,1110.0
2024-07-17,open_sun_control,SS,humidity,430,23.97167441860465,23.34,25.76
2024-07-17,open_sun_control,SS,temperature,430,28.25486046511628,26.19,30.71
2024-07-17,open_sun_control,TI,humidity,430,38.25279069767442,0.0,89.4
2024-07-17,open_sun_control,TI,temperature,218,29.26284403669725,24.9,36.0
2024-07-18,agrivoltaic,PV,irradiance,678,179.30383480825958,0.0,957.0
2024-07-18,agrivoltaic,PV,temperature,1,20.1,20.1,20.1
2024-07-18,agrivoltaic,SS,humidity,658,21.285364741641338,14.18,25.12
2024-07-18,agrivoltaic,SS,temperature,658,26.976838905775075,25.34,29.86
2024-07-18,ambient,,humidity,212,80.21037735849056,66.5,91.6
2024-07-18,ambient,,temperature,212,27.953773584905658,24.9,31.5
2024-07-18,ground_mounted_pv,PV,irradiance,212,182.49528301886792,0.0,915.0
2024-07-18,open_sun_control,SS,humidity,438,21.34563926940639,18.63,24.03
2024-07-18,open_sun_control,SS,temperature,438,27.485251141552514,25.59,30.47
2024-07-18,open_sun_control,TI,humidity,438,39.197945205479456,0.0,88.5
2024-07-18,open_sun_control,TI,temperature,226,28.87920353982301,25.0,36.1
2024-07-20,agrivoltaic,PV,irradiance,622,97.47427652733118,0.0,332.0
2024-07-20,agrivoltaic,SS,humidity,597,19.393400335008376,12.85,23.67
2024-07-20,agrivoltaic,SS,temperature,597,26.52430485762144,25.47,28.18
2024-07-20,ambient,,humidity,187,84.8529411764706,76.2,91.7
2024-07-20,ambient,,temperature,187,27.088770053475937,25.3,30.2
2024-07-20,ground_mounted_pv,PV,irradiance,198,99.52525252525253,0.0,324.0
2024-07-20,open_sun_control,SS,humidity,393,20.45208651399491,18.28,23.07
2024-07-20,open_sun_control,SS,temperature,393,26.804987277353693,25.64,28.5
2024-07-20,open_sun_control,TI,humidity,393,42.726208651399496,0.0,89.2
2024-07-20,open_sun_control,TI,temperature,206,27.411165048543687,24.6,32.7
2024-07-21,agrivoltaic,PV,irradiance,612,214.48856209150327,0.0,1173.0
2024-07-21,agrivoltaic,SS,humidity,599,19.162821368948247,12.32,23.28
2024-07-21,agrivoltaic,SS,temperature,599,26.830000000000002,25.04,30.01
2024-07-21,ambient,,humidity,199,79.79899497487438,67.8,91.3
2024-07-21,ambient,,temperature,199,27.76834170854271,24.4,31.2
2024-07-21,ground_mounted_pv,PV,irradiance,200,210.385,0.0,1196.0
2024-07-21,open_sun_control,SS,humidity,399,20.219172932330828,18.02,22.75
2024-07-21,open_sun_control,SS,temperature,399,27.393759398496243,25.09,30.3
2024-07-21,open_sun_control,TI,humidity,399,37.67368421052631,0.0,88.8
2024-07-21,open_sun_control,TI,temperature,200,28.8715,24.5,36.6
2024-07-22,agrivoltaic,PV,irradiance,636,152.2185534591195,0.0,679.0
2024-07-22,agrivoltaic,SS,humidity,624,18.541249999999998,11.85,22.81
2024-07-22,agrivoltaic,SS,temperature,624,26.65455128205128,24.94,29.5
2024-07-22,ambient,,humidity,200,80.7165,70.6,93.7
2024-07-22,ambient,,temperature,200,27.3285,24.2,30.6
2024-07-22,ground_mounted_pv,PV,irradiance,212,145.03301886792454,0.0,644.0
2024-07-22,open_sun_control,SS,humidity,412,19.823446601941747,17.82,22.22
2024-07-22,open_sun_control,SS,temperature,412,27.047572815533982,25.09,29.52
2024-07-22,open_sun_control,TI,humidity,412,39.81189320388349,0.0,90.2
2024-07-22,open_sun_control,TI,temperature,212,27.97641509433962,24.3,36.4
2024-07-23,agrivoltaic,PV,irradiance,525,298.2190476190476,0.0,1049.0
2024-07-23,agrivoltaic,SS,humidity,514,18.25,11.54,22.43
2024-07-23,agrivoltaic,SS,temperature,514,27.388774319066147,24.82,31.34
2024-07-23,ambient,,humidity,172,76.69360465116279,64.2,92.3
2024-07-23,ambient,,temperature,172,28.452906976744185,24.1,31.5
2024-07-23,ground_mounted_pv,PV,irradiance,171,300.7076023391813,0.0,1015.0
2024-07-23,open_sun_control,SS,humidity,343,19.473177842565597,17.4,21.86
2024-07-23,open_sun_control,SS,temperature,343,27.757521865889213,24.99,30.56
2024-07-23,open_sun_control,TI,humidity,343,35.65714285714286,0.0,91.5
2024-07-23,open_sun_control,TI,temperature,171,30.260233918128655,23.8,37.2
2024-07-24,agrivoltaic,PV,irradiance,549,243.6047358834244,0.0,1099.0
2024-07-24,agrivoltaic,PV,temperature,3,20.099999999999998,20.0,20.3
2024-07-24,agrivoltaic,SS,humidity,537,19.222495344506516,11.17,25.38
2024-07-24,agrivoltaic,SS,temperature,537,27.221322160148976,25.02,30.3
2024-07-24,ambient,,humidity,179,80.1122905027933,63.0,93.6
2024-07-24,ambient,,temperature,179,27.893296089385473,24.3,32.7
2024-07-24,ground_mounted_pv,PV,irradiance,179,237.1731843575419,0.0,1067.0
2024-07-24,open_sun_control,SS,humidity,358,20.198854748603353,16.79,27.52
2024-07-24,open_sun_control,SS,temperature,358,27.573016759776536,25.04,30.51
2024-07-24,open_sun_control,TI,humidity,358,38.35027932960894,0.0,94.0
2024-07-24,open_sun_control,TI,temperature,179,29.022346368715084,24.4,35.2
2024-07-25,agrivoltaic,PV,irradiance,551,293.2395644283122,0.0,1103.0
2024-07-25,agrivoltaic,PV,temperature,14,20.57857142857143,20.0,21.5
2024-07-25,agrivoltaic,SS,humidity,539,21.811614100185526,16.28,25.99
2024-07-25,agrivoltaic,SS,temperature,539,26.976437847866418,24.47,28.94
2024-07-25,ambient,,humidity,171,77.03625730994152,67.8,91.9
2024-07-25,ambient,,temperature,171,28.704678362573098,23.9,32.1
2024-07-25,ground_mounted_pv,PV,irradiance,183,281.8306010928962,0.0,1125.0
2024-07-25,ground_mounted_pv,PV,temperature,2,20.05,20.0,20.1
2024-07-25,open_sun_control,SS,humidity,355,20.304788732394364,17.66,23.55
2024-07-25,open_sun_control,SS,temperature,355,27.955859154929577,24.62,31.53
2024-07-25,open_sun_control,TI,humidity,184,92.96739130434783,90.5,96.3
2024-07-25,open_sun_control,TI,temperature,184,28.905434782608694,23.5,29.5
2024-07-26,agrivoltaic,PV,irradiance,519,294.5606936416185,0.0,1133.0
2024-07-26,agrivoltaic,PV,temperature,13,20.46153846153846,20.0,21.3
2024-07-26,agrivoltaic,SS,humidity,507,20.58015779092702,14.54,24.68
2024-07-26,agrivoltaic,SS,temperature,507,27.008027613412228,24.37,29.74
2024-07-26,ambient,,humidity,169,77.33905325443787,64.2,93.3
2024-07-26,ambient,,temperature,169,28.66449704142012,23.8,32.4
2024-07-26,ground_mounted_pv,PV,irradiance,169,288.4852071005917,0.0,952.0
2024-07-26,ground_mounted_pv,PV,temperature,5,20.86,20.0,21.9
2024-07-26,open_sun_control,SS,humidity,339,19.662094395280235,17.0,22.38
2024-07-26,open_sun_control,SS,temperature,339,28.022182890855458,24.72,31.5
2024-07-26,open_sun_control,TI,humidity,339,35.5740412979351,0.0,91.3
2024-07-26,open_sun_control,TI,temperature,170,30.803529411764707,23.9,38.3
2024-07-27,agrivoltaic,PV,irradiance,532,223.15977443609023,0.0,1104.0
2024-07-27,agrivoltaic,SS,humidity,522,19.514157088122605,13.36,23.67
2024-07-27,agrivoltaic,SS,temperature,522,26.840862068965517,24.79,28.74
2024-07-27,ambient,,humidity,174,79.33045977011494,67.4,93.6
2024-07-27,ambient,,temperature,174,28.072988505747126,24.1,31.1
2024-07-27,ground_mounted_pv,PV,irradiance,174,219.27011494252875,0.0,1075.0
2024-07-27,open_sun_control,SS,humidity,347,19.10550432276657,16.79,21.69
2024-07-27,open_sun_control,SS,temperature,347,27.60608069164265,25.04,30.15
2024-07-27,open_sun_control,TI,humidity,347,36.48011527377522,0.0,89.4
2024-07-27,open_sun_control,TI,temperature,173,29.81849710982659,24.6,34.9
2024-07-28,agrivoltaic,PV,irradiance,564,149.62765957446808,0.0,491.0
2024-07-28,agrivoltaic,SS,humidity,553,18.664792043399636,12.54,22.91
2024-07-28,agrivoltaic,SS,temperature,553,26.20379746835443,24.89,27.77
2024-07-28,ambient,,humidity,185,81.18054054054053,74.2,91.8
2024-07-28,ambient,,temperature,185,27.075675675675676,24.4,29.2
2024-07-28,ground_mounted_pv,PV,irradiance,185,146.12972972972972,0.0,460.0
2024-07-28,open_sun_control,SS,humidity,369,18.73989159891599,16.55,21.07
2024-07-28,open_sun_control,SS,temperature,369,26.642140921409215,24.92,28.5
2024-07-28,open_sun_control,TI,humidity,369,38.00677506775068,0.0,87.8
2024-07-28,open_sun_control,TI,temperature,184,28.241847826086957,24.9,31.7
2024-08-01,agrivoltaic,PV,irradiance,432,233.5625,11.0,658.0
2024-08-01,agrivoltaic,SS,humidity,420,16.8785,11.38,21.6
2024-08-01,agrivoltaic,SS,temperature,420,26.744190476190475,24.52,29.96
2024-08-01,ambient,,humidity,140,76.90928571428572,67.7,91.4
2024-08-01,ambient,,temperature,140,28.197142857142858,24.0,30.8
2024-08-01,ground_mounted_pv,PV,irradiance,140,228.77857142857144,11.0,696.0
2024-08-01,open_sun_control,SS,humidity,283,17.006219081272086,13.66,20.4
2024-08-01,open_sun_control,SS,temperature,283,27.46985865724382,24.44,31.09
2024-08-01,open_sun_control,TI,humidity,283,35.57279151943463,0.0,89.4
2024-08-01,open_sun_control,TI,temperature,143,30.454545454545453,24.2,37.4
2024-08-02,agrivoltaic,PV,irradiance,426,283.0774647887324,23.0,1252.0
2024-08-02,agrivoltaic,PV,temperature,5,20.46,20.1,20.7
2024-08-02,agrivoltaic,SS,humidity,419,16.42854415274463,11.17,21.23
2024-08-02,agrivoltaic,SS,temperature,419,27.123341288782818,24.67,31.12
2024-08-02,ambient,,humidity,135,74.37185185185186,60.7,91.1
2024-08-02,ambient,,temperature,135,28.51185185185185,24.0,32.8
2024-08-02,ground_mounted_pv,PV,irradiance,142,268.63380281690144,21.0,1002.0
2024-08-02,ground_mounted_pv,PV,temperature,142,13.88661971830986,10.1,19.2
2024-08-02,open_sun_control,SS,humidity,277,16.457148014440435,13.27,19.83
2024-08-02,open_sun_control,SS,temperature,277,28.062274368231048,24.64,34.29
2024-08-02,open_sun_control,TI,humidity,277,35.32599277978339,0.0,88.5
2024-08-02,open_sun_control,TI,temperature,142,30.755633802816902,24.5,40.0
2024-08-03,agrivoltaic,PV,irradiance,432,293.47222222222223,7.0,837.0
2024-08-03,agrivoltaic,SS,humidity,426,21.34392018779343,16.89,26.27
2024-08-03,agrivoltaic,SS,temperature,426,26.50894366197183,24.77,28.01
2024-08-03,ambient,,humidity,138,76.80072463768116,65.3,93.3
2024-08-03,ambient,,rainfall,138,0.0,0.0,0.0
2024-08-03,ambient,,temperature,138,28.263768115942028,24.0,31.5
2024-08-03,ground_mounted_pv,PV,irradiance,144,282.00694444444446,7.0,696.0
2024-08-03,ground_mounted_pv,PV,temperature,144,13.625694444444443,10.0,17.6
2024-08-03,open_sun_control,SS,humidity,282,20.220531914893616,15.76,25.99
2024-08-03,open_sun_control,SS,temperature,282,27.971063829787234,24.84,30.85
2024-08-03,open_sun_control,TI,humidity,282,47.15780141843972,0.0,96.1
2024-08-03,open_sun_control,TI,temperature,144,26.739583333333332,23.6,27.6
2024-08-04,agrivoltaic,PV,irradiance,437,302.05491990846684,15.0,1171.0
2024-08-04,agrivoltaic,SS,humidity,419,20.148424821002386,16.69,24.9
2024-08-04,agrivoltaic,SS,temperature,419,26.546945107398567,24.92,27.74
2024-08-04,ambient,,humidity,140,76.12357142857142,65.7,91.7
2024-08-04,ambient,,temperature,140,28.52857142857143,24.7,31.2
2024-08-04,ground_mounted_pv,PV,irradiance,140,290.12142857142857,20.0,1134.0
2024-08-04,open_sun_control,SS,humidity,286,18.768076923076922,14.9,22.7
2024-08-04,open_sun_control,SS,temperature,286,28.25909090909091,25.19,30.76
2024-08-04,open_sun_control,TI,humidity,285,35.588070175438595,0.0,92.9
2024-08-04,open_sun_control,TI,temperature,139,31.873381294964027,25.5,37.9
2024-08-05,agrivoltaic,PV,irradiance,531,340.180790960452,0.0,1116.0
2024-08-05,agrivoltaic,PV,temperature,17,20.34705882352941,19.2,21.4
2024-08-05,agrivoltaic,SS,humidity,519,19.039344894026975,14.86,23.98
2024-08-05,agrivoltaic,SS,temperature,519,27.283217726396916,24.27,29.72
2024-08-05,ambient,,humidity,165,70.15636363636364,56.4,92.9
2024-08-05,ambient,,temperature,165,30.05030303030303,23.7,33.8
2024-08-05,ground_mounted_pv,PV,irradiance,177,327.77966101694915,0.0,1075.0
2024-08-05,open_sun_control,SS,humidity,355,17.708535211267606,14.24,21.8
2024-08-05,open_sun_control,SS,temperature,355,29.103774647887324,24.47,34.43
2024-08-05,open_sun_control,TI,humidity,342,0.0,0.0,0.0
2024-08-06,agrivoltaic,PV,irradiance,531,170.0131826741996,0.0,637.0
2024-08-06,agrivoltaic,SS,humidity,519,18.018150289017342,13.73,22.81
2024-08-06,agrivoltaic,SS,temperature,519,26.253179190751446,24.89,27.52
2024-08-06,ambient,,humidity,173,77.94508670520231,72.2,88.8
2024-08-06,ambient,,temperature,173,27.446820809248557,24.7,29.3
2024-08-06,ground_mounted_pv,PV,irradiance,173,167.46820809248555,0.0,590.0
2024-08-06,open_sun_control,SS,humidity,346,17.2507225433526,14.09,20.55
2024-08-06,open_sun_control,SS,temperature,346,27.507803468208095,25.19,29.11
2024-08-06,open_sun_control,TI,humidity,346,0.0,0.0,0.0
2024-08-07,agrivoltaic,PV,irradiance,561,225.0409982174688,0.0,928.0
2024-08-07,agrivoltaic,PV,temperature,6,20.366666666666667,20.1,20.7
2024-08-07,agrivoltaic,SS,humidity,549,17.5304189435337,12.74,22.27
2024-08-07,agrivoltaic,SS,temperature,549,26.916848816029145,24.77,29.96
2024-08-07,ambient,,humidity,175,74.81771428571429,61.9,89.0
2024-08-07,ambient,,temperature,175,28.582857142857144,24.5,32.7
2024-08-07,ground_mounted_pv,PV,irradiance,175,223.30857142857144,0.0,842.0
2024-08-07,open_sun_control,SS,humidity,362,16.674613259668508,13.51,20.04
2024-08-07,open_sun_control,SS,temperature,362,28.456740331491712,24.84,33.57
2024-08-07,open_sun_control,TI,humidity,362,0.0,0.0,0.0
2024-08-08,agrivoltaic,PV,irradiance,444,164.21621621621622,16.0,417.0
2024-08-08,agrivoltaic,SS,humidity,438,17.837785388127852,12.21,22.38
2024-08-08,agrivoltaic,SS,temperature,438,26.11472602739726,24.69,27.23
2024-08-08,ambient,,humidity,142,79.3612676056338,74.4,89.8
2024-08-08,ambient,,temperature,142,27.169014084507044,24.1,28.4
2024-08-08,ground_mounted_pv,PV,irradiance,143,163.54545454545453,17.0,385.0
2024-08-08,open_sun_control,SS,humidity,290,17.45441379310345,13.66,24.63
2024-08-08,open_sun_control,SS,temperature,290,27.148655172413793,24.59,28.33
2024-08-08,open_sun_control,TI,humidity,290,0.0,0.0,0.0
2024-08-09,agrivoltaic,PV,irradiance,416,272.49759615384613,16.0,982.0
2024-08-09,agrivoltaic,SS,humidity,409,16.896674816625918,11.74,21.75
2024-08-09,agrivoltaic,SS,temperature,409,26.52317848410758,24.34,28.91
2024-08-09,ambient,,humidity,137,75.43503649635036,66.1,92.3
2024-08-09,ambient,,temperature,137,28.03138686131387,23.9,30.5
2024-08-09,ground_mounted_pv,PV,irradiance,137,263.43065693430657,16.0,880.0
2024-08-09,open_sun_control,SS,humidity,273,16.68124542124542,13.2,20.19
2024-08-09,open_sun_control,SS,temperature,273,27.966666666666665,24.42,30.15
2024-08-09,open_sun_control,TI,humidity,136,0.0,0.0,0.0
2024-08-11,agrivoltaic,PV,irradiance,413,298.1598062953995,26.0,788.0
2024-08-11,agrivoltaic,SS,humidity,405,15.904864197530864,10.9,20.97
2024-08-11,agrivoltaic,SS,temperature,405,27.784000000000002,25.39,30.64
2024-08-11,ambient,,humidity,135,73.4762962962963,63.6,87.3
2024-08-11,ambient,,temperature,135,29.125925925925927,25.2,31.9
2024-08-11,ground_mounted_pv,PV,irradiance,135,290.9555555555556,27.0,856.0
2024-08-11,open_sun_control,SS,humidity,270,15.198074074074073,11.96,18.37
2024-08-11,open_sun_control,SS,temperature,270,29.114037037037036,25.72,31.36
2024-08-11,open_sun_control,TI,humidity,270,0.0,0.0,0.0
2024-08-12,agrivoltaic,PV,irradiance,403,172.5136476426799,32.0,548.0
2024-08-12,agrivoltaic,SS,humidity,394,15.435583756345178,10.58,20.28
2024-08-12,agrivoltaic,SS,temperature,394,26.4703807106599,24.94,29.21
2024-08-12,ambient,,humidity,126,79.66666666666667,69.4,90.8
2024-08-12,ambient,,temperature,126,27.457936507936505,24.3,31.3
2024-08-12,ground_mounted_pv,PV,irradiance,134,164.67164179104478,30.0,555.0
2024-08-12,open_sun_control,SS,humidity,260,14.530576923076922,9.82,17.82
2024-08-12,open_sun_control,SS,temperature,260,27.51523076923077,25.27,30.06
2024-08-12,open_sun_control,TI,humidity,260,0.0,0.0,0.0
2024-08-13,agrivoltaic,PV,irradiance,408,203.61764705882354,51.0,696.0
2024-08-13,agrivoltaic,SS,humidity,372,15.166612903225806,10.54,20.04
2024-08-13,agrivoltaic,SS,temperature,372,26.66959677419355,24.97,30.2
2024-08-13,ambient,,humidity,124,76.23951612903227,61.9,89.7
2024-08-13,ambient,,temperature,124,28.246774193548386,24.9,32.1
2024-08-13,ground_mounted_pv,PV,irradiance,124,215.33870967741936,48.0,641.0
2024-08-13,open_sun_control,SS,humidity,260,12.925884615384616,9.82,16.24
2024-08-13,open_sun_control,SS,temperature,260,27.860192307692305,24.97,33.35
2024-08-13,open_sun_control,TI,humidity,260,0.0,0.0,0.0
2024-08-14,agrivoltaic,PV,irradiance,406,259.2783251231527,24.0,1127.0
2024-08-14,agrivoltaic,PV,temperature,132,14.233333333333333,10.5,18.1
2024-08-14,agrivoltaic,SS,humidity,396,14.877020202020203,10.21,19.67
2024-08-14,agrivoltaic,SS,temperature,396,27.213560606060604,24.89,29.86
2024-08-14,ambient,,humidity,132,72.49166666666666,65.1,88.1
2024-08-14,ambient,,temperature,132,28.884090909090908,24.9,30.7
2024-08-14,ground_mounted_pv,PV,irradiance,132,259.40909090909093,24.0,813.0
2024-08-14,open_sun_control,SS,humidity,275,13.398727272727273,9.49,22.7
2024-08-14,open_sun_control,SS,temperature,274,28.720583941605838,24.92,32.75
2024-08-14,open_sun_control,TI,humidity,275,0.0,0.0,0.0
2024-08-15,agrivoltaic,PV,irradiance,432,360.77314814814815,18.0,952.0
2024-08-15,agrivoltaic,PV,temperature,35,21.18857142857143,20.0,23.4
2024-08-15,agrivoltaic,SS,humidity,425,14.7292,9.98,19.46
2024-08-15,agrivoltaic,SS,temperature,425,28.18258823529412,24.52,32.99
2024-08-15,ambient,,humidity,137,66.47810218978103,52.1,88.0
2024-08-15,ambient,,temperature,137,30.240875912408757,24.2,34.7
2024-08-15,ground_mounted_pv,PV,irradiance,144,341.99305555555554,16.0,907.0
2024-08-15,ground_mounted_pv,PV,temperature,10,21.03,20.3,22.3
2024-08-15,open_sun_control,SS,humidity,281,12.384839857651246,9.23,16.07
2024-08-15,open_sun_control,SS,temperature,281,30.367188612099646,24.27,38.48
2024-08-15,open_sun_control,TI,humidity,281,0.0,0.0,0.0
2024-08-16,agrivoltaic,PV,irradiance,410,340.8609756097561,26.0,966.0
2024-08-16,agrivoltaic,PV,temperature,136,15.147058823529411,9.8,20.7
2024-08-16,agrivoltaic,SS,humidity,403,14.328833746898262,9.66,19.04
2024-08-16,agrivoltaic,SS,temperature,403,28.020049627791565,24.87,32.35
2024-08-16,ambient,,humidity,135,67.65703703703704,55.0,89.8
2024-08-16,ambient,,temperature,135,30.085185185185185,24.0,33.9
2024-08-16,ground_mounted_pv,PV,irradiance,135,336.72592592592594,24.0,990.0
2024-08-16,ground_mounted_pv,PV,temperature,1,20.2,20.2,20.2
2024-08-16,open_sun_control,SS,humidity,269,11.715278810408922,9.12,14.65
2024-08-16,open_sun_control,SS,temperature,269,30.187026022304835,24.74,38.19
2024-08-16,open_sun_control,TI,humidity,269,0.0,0.0,0.0
2024-08-17,agrivoltaic,PV,irradiance,429,266.8974358974359,36.0,1068.0
2024-08-17,agrivoltaic,SS,humidity,420,13.738738095238096,9.35,18.53
2024-08-17,agrivoltaic,SS,temperature,420,27.47138095238095,24.99,31.72
2024-08-17,ambient,,humidity,134,73.59253731343283,62.4,88.1
2024-08-17,ambient,,temperature,134,28.53507462686567,24.2,32.1
2024-08-17,ground_mounted_pv,PV,irradiance,143,253.45454545454547,32.0,1064.0
2024-08-17,open_sun_control,SS,humidity,277,12.648916967509026,9.12,21.49
2024-08-17,open_sun_control,SS,temperature,277,29.376209386281587,25.12,36.54
2024-08-17,open_sun_control,TI,humidity,134,0.0,0.0,0.0
2024-08-18,agrivoltaic,PV,irradiance,426,334.8568075117371,46.0,1027.0
2024-08-18,agrivoltaic,PV,temperature,28,20.435714285714287,20.0,21.1
2024-08-18,agrivoltaic,SS,humidity,414,13.537294685990338,9.23,18.37
2024-08-18,agrivoltaic,SS,temperature,414,28.11316425120773,24.47,33.86
2024-08-18,ambient,,humidity,130,68.94615384615385,54.2,91.2
2024-08-18,ambient,,temperature,130,29.592307692307692,23.9,33.7
2024-08-18,ground_mounted_pv,PV,irradiance,130,339.5153846153846,45.0,914.0
2024-08-18,ground_mounted_pv,PV,temperature,3,20.066666666666666,20.0,20.1
2024-08-18,open_sun_control,SS,humidity,272,11.47029411764706,9.19,14.14
2024-08-18,open_sun_control,SS,temperature,272,30.923014705882352,24.59,39.03
2024-08-18,open_sun_control,TI,humidity,272,0.0,0.0,0.0
2024-08-19,agrivoltaic,PV,irradiance,420,415.83809523809526,17.0,1067.0
2024-08-19,agrivoltaic,PV,temperature,75,21.212,20.0,23.2
2024-08-19,agrivoltaic,SS,humidity,414,13.565024154589372,9.07,18.37
2024-08-19,agrivoltaic,SS,temperature,414,29.69289855072464,24.99,35.29
2024-08-19,ambient,,humidity,134,62.4679104477612,47.2,89.2
2024-08-19,ambient,,temperature,134,31.77164179104477,24.4,35.7
2024-08-19,ground_mounted_pv,PV,irradiance,140,398.5642857142857,17.0,977.0
2024-08-19,ground_mounted_pv,PV,temperature,27,21.09259259259259,20.0,22.9
2024-08-19,open_sun_control,SS,humidity,274,14.076459854014598,9.02,26.2
2024-08-19,open_sun_control,SS,temperature,274,32.247262773722625,24.97,40.51
2024-08-19,open_sun_control,TI,humidity,274,0.0,0.0,0.0
2024-08-20,agrivoltaic,PV,irradiance,426,386.7863849765258,0.0,1066.0
2024-08-20,agrivoltaic,PV,temperature,25,21.136,20.0,23.0
2024-08-20,agrivoltaic,SS,humidity,449,26.1590868596882,21.96,29.26
2024-08-20,agrivoltaic,SS,temperature,449,26.489688195991093,23.35,30.68
2024-08-20,ambient,,humidity,141,76.22978723404255,61.1,96.9
2024-08-20,ambient,,temperature,141,27.982978723404255,22.2,31.9
2024-08-20,ground_mounted_pv,PV,irradiance,142,376.4225352112676,0.0,1013.0
2024-08-20,ground_mounted_pv,PV,temperature,5,21.1,20.5,22.0
2024-08-20,open_sun_control,SS,humidity,425,23.581223529411766,19.67,29.54
2024-08-20,open_sun_control,SS,temperature,425,29.035858823529413,23.1,35.01
2024-08-20,open_sun_control,TI,humidity,283,47.61978798586572,0.0,96.8
2024-08-20,open_sun_control,TI,temperature,142,26.09014084507042,22.3,26.5
2024-08-21,agrivoltaic,PV,irradiance,441,248.53968253968253,0.0,1250.0
2024-08-21,agrivoltaic,SS,humidity,441,24.32793650793651,19.31,28.48
2024-08-21,agrivoltaic,SS,temperature,441,26.121768707482996,23.99,27.52
2024-08-21,ambient,,humidity,139,77.4,66.8,92.1
2024-08-21,ground_mounted_pv,PV,irradiance,151,225.13907284768212,0.0,1189.0
2024-08-21,open_sun_control,SS,humidity,427,22.9192037470726,19.16,25.83
2024-08-21,open_sun_control,SS,temperature,428,27.865794392523362,23.71,31.96
2024-08-21,open_sun_control,TI,humidity,283,0.0,0.0,0.0
2024-08-22,agrivoltaic,PV,irradiance,437,375.10068649885585,0.0,1129.0
2024-08-22,agrivoltaic,PV,temperature,23,20.713043478260868,20.0,21.8
2024-08-22,agrivoltaic,SS,humidity,421,23.516223277909738,16.85,28.25
2024-08-22,agrivoltaic,SS,temperature,421,27.429239904988123,24.59,30.01
2024-08-22,ambient,,humidity,139,75.7431654676259,64.5,94.3
2024-08-22,ambient,,temperature,139,29.597841726618707,24.4,32.8
2024-08-22,ground_mounted_pv,PV,irradiance,139,362.0143884892086,1.0,999.0
2024-08-22,ground_mounted_pv,PV,temperature,10,20.64,20.0,21.3
2024-08-22,open_sun_control,SS,humidity,388,22.334896907216496,18.63,25.45
2024-08-22,open_sun_control,SS,temperature,388,29.40270618556701,24.06,35.15
2024-08-22,open_sun_control,TI,humidity,287,0.0,0.0,0.0
2024-08-23,agrivoltaic,PV,irradiance,404,166.01732673267327,0.0,508.0
2024-08-23,agrivoltaic,SS,humidity,384,26.369973958333333,19.71,30.28
2024-08-23,agrivoltaic,SS,temperature,384,25.153411458333334,22.92,26.66
2024-08-23,ambient,,humidity,128,88.871875,82.7,97.5
2024-08-23,ambient,,temperature,128,24.7390625,22.2,26.3
2024-08-23,ground_mounted_pv,PV,irradiance,128,165.1640625,0.0,475.0
2024-08-23,open_sun_control,SS,humidity,272,24.652279411764706,20.34,29.54
2024-08-23,open_sun_control,SS,temperature,272,26.264191176470586,23.48,28.94
2024-08-23,open_sun_control,TI,humidity,272,0.0,0.0,0.0
2024-08-24,agrivoltaic,PV,irradiance,477,197.7819706498952,0.0,626.0
2024-08-24,agrivoltaic,SS,humidity,465,25.542301075268817,18.43,29.72
2024-08-24,agrivoltaic,SS,temperature,465,26.095956989247313,23.1,29.06
2024-08-24,ambient,,humidity,147,81.10544217687075,71.9,96.3
2024-08-24,ambient,,rainfall,147,0.0,0.0,0.0
2024-08-24,ambient,,temperature,147,27.187074829931973,22.9,29.8
2024-08-24,ground_mounted_pv,PV,irradiance,159,186.39622641509433,0.0,518.0
2024-08-24,open_sun_control,SS,humidity,306,23.637614379084965,19.98,27.59
2024-08-24,open_sun_control,SS,temperature,306,27.314999999999998,23.53,30.08
2024-08-24,open_sun_control,TI,humidity,306,0.0,0.0,0.0
2024-08-25,agrivoltaic,PV,irradiance,498,195.17670682730923,0.0,959.0
2024-08-25,agrivoltaic,SS,humidity,479,24.61465553235908,17.16,29.38
2024-08-25,agrivoltaic,SS,temperature,479,26.64277661795407,24.34,30.56
2024-08-25,ambient,,humidity,147,81.39659863945577,72.5,91.2
2024-08-25,ambient,,temperature,147,27.525850340136056,24.6,30.1
2024-08-25,ground_mounted_pv,PV,irradiance,147,206.74149659863946,0.0,905.0
2024-08-25,ground_mounted_pv,PV,temperature,1,20.1,20.1,20.1
2024-08-25,open_sun_control,SS,humidity,313,23.085431309904152,19.52,27.08
2024-08-25,open_sun_control,SS,temperature,313,27.661469648562303,24.24,32.35
2024-08-25,open_sun_control,TI,humidity,313,0.0,0.0,0.0
2024-08-26,agrivoltaic,PV,irradiance,446,324.4035874439462,0.0,945.0
2024-08-26,agrivoltaic,PV,temperature,4,20.325,20.0,20.8
2024-08-26,agrivoltaic,SS,humidity,411,24.508661800486617,16.18,29.72
2024-08-26,agrivoltaic,SS,temperature,411,27.460170316301703,22.28,31.72
2024-08-26,ambient,,humidity,137,79.36204379562044,66.5,93.9
2024-08-26,ambient,,temperature,137,28.62773722627737,22.3,32.7
2024-08-26,ground_mounted_pv,PV,irradiance,137,331.64233576642334,2.0,888.0
2024-08-26,ground_mounted_pv,PV,temperature,4,20.425,20.0,21.2
2024-08-26,open_sun_control,SS,humidity,282,23.027234042553193,19.16,29.2
2024-08-26,open_sun_control,SS,temperature,282,28.885354609929077,23.96,33.57
2024-08-26,open_sun_control,TI,humidity,282,0.0,0.0,0.0
2024-08-27,agrivoltaic,PV,irradiance,486,270.5843621399177,0.0,828.0
2024-08-27,agrivoltaic,SS,humidity,474,24.565801687763713,17.1,29.32
2024-08-27,agrivoltaic,SS,temperature,473,26.339492600422833,22.92,31.07
2024-08-27,ambient,,humidity,150,80.54133333333334,67.2,96.3
2024-08-27,ambient,,temperature,150,27.149333333333335,22.1,31.0
2024-08-27,ground_mounted_pv,PV,irradiance,150,278.8066666666667,0.0,820.0
2024-08-27,open_sun_control,SS,humidity,312,22.96653846153846,19.19,27.08
2024-08-27,open_sun_control,SS,temperature,312,27.761858974358976,23.07,33.28
2024-08-27,open_sun_control,TI,humidity,312,0.0,0.0,0.0
2024-08-28,agrivoltaic,PV,irradiance,486,270.5843621399177,0.0,828.0
2024-08-28,agrivoltaic,SS,humidity,474,24.565801687763713,17.1,29.32
2024-08-28,agrivoltaic,SS,temperature,473,26.339492600422833,22.92,31.07
2024-08-28,ambient,,humidity,150,80.54133333333334,67.2,96.3
2024-08-28,ambient,,temperature,150,27.149333333333335,22.1,31.0
2024-08-28,ground_mounted_pv,PV,irradiance,150,278.8066666666667,0.0,820.0
2024-08-28,open_sun_control,SS,humidity,312,22.96653846153846,19.19,27.08
2024-08-28,open_sun_control,SS,temperature,312,27.761858974358976,23.07,33.28
2024-08-28,open_sun_control,TI,humidity,312,0.0,0.0,0.0
2024-08-29,agrivoltaic,PV,irradiance,486,270.5843621399177,0.0,828.0
2024-08-29,agrivoltaic,SS,humidity,474,24.565801687763713,17.1,29.32
2024-08-29,agrivoltaic,SS,temperature,473,26.339492600422833,22.92,31.07
2024-08-29,ambient,,humidity,150,80.54133333333334,67.2,96.3
2024-08-29,ambient,,temperature,150,27.149333333333335,22.1,31.0
2024-08-29,ground_mounted_pv,PV,irradiance,150,278.8066666666667,0.0,820.0
2024-08-29,open_sun_control,SS,humidity,312,22.96653846153846,19.19,27.08
2024-08-29,open_sun_control,SS,temperature,312,27.761858974358976,23.07,33.28
2024-08-29,open_sun_control,TI,humidity,312,0.0,0.0,0.0
2024-08-30,agrivoltaic,PV,irradiance,486,270.5843621399177,0.0,828.0
2024-08-30,agrivoltaic,SS,humidity,474,24.565801687763713,17.1,29.32
2024-08-30,agrivoltaic,SS,temperature,473,26.339492600422833,22.92,31.07
2024-08-30,ambient,,humidity,150,80.54133333333334,67.2,96.3
2024-08-30,ambient,,temperature,150,27.149333333333335,22.1,31.0
2024-08-30,ground_mounted_pv,PV,irradiance,150,278.8066666666667,0.0,820.0
2024-08-30,open_sun_control,SS,humidity,312,22.96653846153846,19.19,27.08
2024-08-30,open_sun_control,SS,temperature,312,27.761858974358976,23.07,33.28
2024-08-30,open_sun_control,TI,humidity,312,0.0,0.0,0.0
2024-08-31,agrivoltaic,PV,irradiance,486,270.5843621399177,0.0,828.0
2024-08-31,agrivoltaic,SS,humidity,474,24.565801687763713,17.1,29.32
2024-08-31,agrivoltaic,SS,temperature,473,26.339492600422833,22.92,31.07
2024-08-31,ambient,,humidity,150,80.54133333333334,67.2,96.3
2024-08-31,ambient,,temperature,150,27.149333333333335,22.1,31.0
2024-08-31,ground_mounted_pv,PV,irradiance,150,278.8066666666667,0.0,820.0
2024-08-31,open_sun_control,SS,humidity,312,22.96653846153846,19.19,27.08
2024-08-31,open_sun_control,SS,temperature,312,27.761858974358976,23.07,33.28
2024-08-31,open_sun_control,TI,humidity,312,0.0,0.0,0.0
2024-10-10,agrivoltaic,PV,irradiance,864,236.94328703703704,0.0,1339.0
2024-10-10,agrivoltaic,PV,temperature,201,22.60995024875622,20.0,25.7
2024-10-10,ambient,,humidity,288,77.23020833333334,51.6,91.6
2024-10-10,ambient,,temperature,288,28.509375000000002,23.4,35.9
2024-10-10,ground_mounted_pv,PV,irradiance,288,219.47569444444446,0.0,1047.0
2024-10-10,ground_mounted_pv,PV,temperature,69,22.918840579710146,20.0,25.2
2024-10-10,open_sun_control,SS,humidity,576,24.362569444444446,20.97,27.76
2024-10-10,open_sun_control,SS,temperature,576,28.91380208333333,26.12,33.31
2024-10-10,open_sun_control,TI,humidity,288,0.0,0.0,0.0
2024-10-11,agrivoltaic,PV,irradiance,417,95.64988009592327,0.0,600.0
2024-10-11,ambient,,humidity,139,89.4410071942446,77.6,94.1
2024-10-11,ambient,,temperature,139,25.26546762589928,21.4,28.8
2024-10-11,ground_mounted_pv,PV,irradiance,139,83.89928057553956,0.0,431.0
2024-10-11,open_sun_control,SS,humidity,277,25.287220216606496,20.97,32.09
2024-10-11,open_sun_control,SS,temperature,277,26.977617328519855,24.06,28.84
2024-10-11,open_sun_control,TI,humidity,139,0.0,0.0,0.0
2024-10-12,agrivoltaic,PV,irradiance,864,216.40509259259258,0.0,1108.0
2024-10-12,agrivoltaic,PV,temperature,167,21.85748502994012,19.6,24.4
2024-10-12,ambient,,humidity,288,81.20590277777778,58.2,94.4
2024-10-12,ambient,,temperature,288,27.858680555555555,22.8,34.9
2024-10-12,ground_mounted_pv,PV,irradiance,288,198.76041666666666,0.0,1108.0
2024-10-12,open_sun_control,SS,humidity,576,24.720225694444444,21.07,28.31
2024-10-12,open_sun_control,SS,temperature,576,28.084722222222222,25.19,32.35
2024-10-12,open_sun_control,TI,humidity,288,0.0,0.0,0.0
2024-10-13,agrivoltaic,PV,irradiance,864,165.85532407407408,0.0,755.0
2024-10-13,agrivoltaic,PV,temperature,29,20.413793103448278,20.0,21.2
2024-10-13,ambient,,humidity,288,82.58333333333333,64.1,93.3
2024-10-13,ambient,,temperature,288,27.375347222222224,23.4,33.6
2024-10-13,ground_mounted_pv,PV,irradiance,158,159.58860759493672,0.0,719.0
2024-10-13,ground_mounted_pv,PV,temperature,24,20.675,20.0,21.5
2024-10-13,open_sun_control,SS,humidity,572,24.28089160839161,20.55,27.97
2024-10-13,open_sun_control,SS,temperature,572,28.33256993006993,26.24,31.65
2024-10-13,open_sun_control,TI,humidity,288,0.0,0.0,0.0
2024-10-14,agrivoltaic,PV,irradiance,864,86.40856481481481,0.0,1233.0
2024-10-14,agrivoltaic,PV,temperature,6,21.083333333333332,20.0,23.4
2024-10-14,ambient,,humidity,288,91.13993055555555,76.2,95.0
2024-10-14,ambient,,temperature,288,24.470833333333335,22.7,30.2
2024-10-14,ground_mounted_pv,PV,irradiance,288,80.94444444444444,0.0,1160.0
2024-10-14,ground_mounted_pv,PV,temperature,8,21.05,20.4,23.5
2024-10-14,open_sun_control,SS,humidity,329,22.61534954407295,20.49,27.59
2024-10-14,open_sun_control,SS,temperature,329,26.35048632218845,25.09,29.38
2024-10-14,open_sun_control,TI,humidity,288,0.0,0.0,0.0
2024-10-15,agrivoltaic,PV,irradiance,864,242.36342592592592,0.0,1263.0
2024-10-15,agrivoltaic,PV,temperature,200,22.785,19.4,27.0
2024-10-15,ambient,,humidity,288,81.03923611111111,54.4,95.4
2024-10-15,ambient,,temperature,288,27.95659722222222,23.2,35.8
2024-10-15,ground_mounted_pv,PV,irradiance,288,219.14236111111111,0.0,1237.0
2024-10-15,ground_mounted_pv,PV,temperature,78,23.153846153846153,19.6,27.0
2024-10-15,open_sun_control,SS,humidity,288,21.951180555555553,21.49,22.7
2024-10-15,open_sun_control,SS,temperature,288,27.600347222222222,25.19,30.97
2024-10-15,open_sun_control,TI,humidity,288,0.0,0.0,0.0
2024-10-16,agrivoltaic,PV,irradiance,864,242.36342592592592,0.0,1263.0
2024-10-16,agrivoltaic,PV,temperature,200,22.789,20.0,27.0
2024-10-16,ambient,,humidity,288,81.03923611111111,54.4,95.4
2024-10-16,ambient,,temperature,288,27.95659722222222,23.2,35.8
2024-10-16,ground_mounted_pv,PV,irradiance,288,219.14236111111111,0.0,1237.0
2024-10-16,ground_mounted_pv,PV,temperature,77,23.200000000000003,20.0,27.0
2024-10-16,open_sun_control,SS,humidity,288,21.951180555555553,21.49,22.7
2024-10-16,open_sun_control,SS,temperature,288,27.600347222222222,25.19,30.97
2024-10-16,open_sun_control,TI,humidity,288,0.0,0.0,0.0
2024-10-17,agrivoltaic,PV,irradiance,864,238.375,0.0,1004.0
2024-10-17,agrivoltaic,PV,temperature,199,23.2678391959799,20.0,26.2
2024-10-17,ambient,,humidity,288,81.73090277777777,54.6,93.4
2024-10-17,ambient,,temperature,288,27.48923611111111,23.1,36.3
2024-10-17,ground_mounted_pv,PV,irradiance,288,219.42013888888889,0.0,958.0
2024-10-17,ground_mounted_pv,PV,temperature,69,23.71159420289855,20.1,26.4
2024-10-17,open_sun_control,SS,humidity,288,21.09402777777778,20.66,23.34
2024-10-17,open_sun_control,SS,temperature,288,28.244791666666668,26.22,32.25
2024-10-17,open_sun_control,TI,humidity,288,0.0,0.0,0.0
2024-10-18,agrivoltaic,PV,irradiance,864,212.49074074074073,0.0,1158.0
2024-10-18,agrivoltaic,PV,temperature,147,22.382993197278914,19.4,26.2
2024-10-18,ambient,,humidity,288,82.25729166666666,58.7,94.3
2024-10-18,ambient,,temperature,288,27.87777777777778,23.4,35.2
2024-10-18,ground_mounted_pv,PV,irradiance,288,189.5,0.0,1125.0
2024-10-18,ground_mounted_pv,PV,temperature,51,22.48627450980392,19.9,25.8
2024-10-18,open_sun_control,SS,humidity,288,20.96034722222222,20.66,21.18
2024-10-18,open_sun_control,SS,temperature,288,28.234583333333333,25.89,31.65
2024-10-18,open_sun_control,TI,humidity,288,0.0,0.0,0.0
2024-10-19,agrivoltaic,PV,irradiance,864,256.1574074074074,0.0,1040.0
2024-10-19,agrivoltaic,PV,temperature,207,22.243961352657006,19.3,24.6
2024-10-19,ambient,,humidity,288,78.62152777777777,54.1,91.8
2024-10-19,ambient,,temperature,288,29.169097222222224,23.7,36.2
2024-10-19,ground_mounted_pv,PV,irradiance,288,218.41666666666666,0.0,1004.0
2024-10-19,ground_mounted_pv,PV,temperature,71,22.180281690140845,20.0,24.0
2024-10-19,open_sun_control,SS,humidity,288,20.623715277777777,20.45,20.81
2024-10-19,open_sun_control,SS,temperature,288,28.78590277777778,25.84,32.61
2024-10-19,open_sun_control,TI,humidity,288,0.0,0.0,0.0
2024-10-20,agrivoltaic,PV,irradiance,864,237.09837962962962,0.0,1105.0
2024-10-20,agrivoltaic,PV,temperature,178,21.765730337078654,17.3,25.3
2024-10-20,ambient,,humidity,288,77.67083333333333,53.4,93.0
2024-10-20,ambient,,temperature,288,28.760069444444444,23.5,35.9
2024-10-20,ground_mounted_pv,PV,irradiance,288,200.11458333333334,0.0,1092.0
2024-10-20,ground_mounted_pv,PV,temperature,60,21.779999999999998,20.1,24.8
2024-10-20,open_sun_control,SS,humidity,288,20.349305555555553,20.13,20.6
2024-10-20,open_sun_control,SS,temperature,288,28.776249999999997,26.36,32.42
2024-10-20,open_sun_control,TI,humidity,288,0.0,0.0,0.0
2024-10-21,agrivoltaic,PV,irradiance,741,203.18623481781376,0.0,1066.0
2024-10-21,agrivoltaic,PV,temperature,129,21.548837209302327,20.0,23.6
2024-10-21,ambient,,humidity,245,78.53632653061226,53.9,92.0
2024-10-21,ambient,,temperature,245,28.6934693877551,24.1,36.7
2024-10-21,ground_mounted_pv,PV,irradiance,245,168.84081632653061,0.0,1006.0
2024-10-21,ground_mounted_pv,PV,temperature,43,21.286046511627905,20.1,22.9
2024-10-21,open_sun_control,SS,humidity,248,20.074395161290322,19.83,20.34
2024-10-21,open_sun_control,SS,temperature,248,28.866854838709674,26.44,32.61
2024-10-21,open_sun_control,TI,humidity,248,0.0,0.0,0.0
2024-10-22,agrivoltaic,PV,irradiance,858,207.83916083916083,0.0,1088.0
2024-10-22,agrivoltaic,PV,temperature,140,22.47642857142857,19.9,26.9
2024-10-22,agrivoltaic,TI,humidity,1,0.0,0.0,0.0
2024-10-22,ambient,,humidity,285,81.70807017543859,23.6,92.5
2024-10-22,ambient,,temperature,284,28.400000000000002,24.8,36.0
2024-10-22,ground_mounted_pv,PV,irradiance,285,166.43129824561402,0.0,1047.0
2024-10-22,ground_mounted_pv,PV,temperature,43,22.31860465116279,20.0,26.2
2024-10-22,open_sun_control,SS,humidity,287,19.89456445993031,19.67,24.0
2024-10-22,open_sun_control,SS,temperature,286,29.03451048951049,27.1,32.61
2024-10-22,open_sun_control,TI,humidity,287,0.10926829268292683,0.0,31.36
2024-10-23,agrivoltaic,PV,irradiance,864,213.75694444444446,0.0,1172.0
2024-10-23,agrivoltaic,PV,temperature,164,22.035365853658536,9.6,25.1
2024-10-23,ambient,,humidity,287,81.24634146341464,54.5,93.5
2024-10-23,ambient,,temperature,287,27.947038327526133,23.7,35.7
2024-10-23,ground_mounted_pv,PV,irradiance,287,177.77003484320556,0.0,1095.0
2024-10-23,ground_mounted_pv,PV,temperature,47,22.004255319148935,20.3,24.6
2024-10-23,open_sun_control,SS,humidity,288,19.676770833333332,19.16,21.12
2024-10-23,open_sun_control,SS,temperature,288,28.73215277777778,26.51,32.35
2024-10-23,open_sun_control,TI,humidity,288,0.0,0.0,0.0
2024-10-24,agrivoltaic,PV,irradiance,713,232.99859747545582,0.0,1180.0
2024-10-24,agrivoltaic,PV,temperature,169,22.040828402366863,20.0,24.6
2024-10-24,agrivoltaic,SS,humidity,2,16.85,9.8,23.9
2024-10-24,ambient,,humidity,234,82.8457264957265,57.6,92.5
2024-10-24,ambient,,temperature,234,26.86880341880342,23.3,35.2
2024-10-24,ground_mounted_pv,PV,irradiance,235,205.39574468085107,0.0,1029.0
2024-10-24,ground_mounted_pv,PV,temperature,56,22.110714285714288,20.2,23.7
2024-10-24,open_sun_control,SS,humidity,238,19.576260504201684,19.0,20.34
2024-10-24,open_sun_control,SS,temperature,238,28.249243697478992,26.14,32.35
2024-10-24,open_sun_control,TI,humidity,238,0.0,0.0,0.0
2024-10-25,agrivoltaic,PV,irradiance,764,259.12198952879584,0.0,896.0
2024-10-25,agrivoltaic,PV,temperature,185,21.949189189189187,20.0,24.7
2024-10-25,agrivoltaic,SS,humidity,2,0.0,0.0,0.0
2024-10-25,agrivoltaic,SS,temperature,2,10.1,10.0,10.2
2024-10-25,agrivoltaic,TI,humidity,1,19.1,19.1,19.1
2024-10-25,agrivoltaic,TI,temperature,1,28.11,28.11,28.11
2024-10-25,ambient,,humidity,254,78.81023622047243,27.0,94.4
2024-10-25,ambient,,temperature,253,28.849802371541504,23.3,36.1
2024-10-25,ground_mounted_pv,PV,irradiance,254,230.33779527559057,0.0,862.0
2024-10-25,ground_mounted_pv,PV,temperature,67,22.329850746268654,20.1,24.8
2024-10-25,open_sun_control,SS,humidity,256,19.2431640625,0.0,19.52
2024-10-25,open_sun_control,SS,temperature,256,28.6260546875,10.9,31.86
2024-10-25,open_sun_control,TI,humidity,255,0.0,0.0,0.0
2024-10-26,agrivoltaic,PV,irradiance,708,121.8319209039548,0.0,832.0
2024-10-26,agrivoltaic,PV,temperature,19,20.63684210526316,20.1,21.6
2024-10-26,ambient,,humidity,236,84.77584745762711,62.1,92.3
2024-10-26,ambient,,temperature,236,27.804237288135592,24.7,34.0
2024-10-26,ground_mounted_pv,PV,irradiance,236,110.05932203389831,0.0,761.0
2024-10-26,ground_mounted_pv,PV,temperature,7,20.685714285714287,20.0,21.6
2024-10-26,open_sun_control,SS,humidity,236,19.003347457627118,18.79,19.16
2024-10-26,open_sun_control,SS,temperature,236,28.475042372881354,27.2,31.79
2024-10-26,open_sun_control,TI,humidity,236,0.0,0.0,0.0
2024-10-27,agrivoltaic,PV,irradiance,794,198.17002518891687,0.0,1055.0
2024-10-27,agrivoltaic,PV,temperature,166,22.73975903614458,19.5,28.8
2024-10-27,ambient,,humidity,265,77.26301886792453,48.2,93.6
2024-10-27,ambient,,temperature,265,29.724528301886792,24.8,36.5
2024-10-27,ground_mounted_pv,PV,irradiance,265,177.59245283018868,0.0,1004.0
2024-10-27,ground_mounted_pv,PV,temperature,61,22.70327868852459,20.0,27.5
2024-10-27,open_sun_control,SS,humidity,265,18.653207547169814,18.34,19.0
2024-10-27,open_sun_control,SS,temperature,265,28.930188679245283,26.59,32.08
2024-10-27,open_sun_control,TI,humidity,265,0.0,0.0,0.0
2024-10-28,agrivoltaic,PV,irradiance,522,131.955938697318,0.0,939.0
2024-10-28,agrivoltaic,PV,temperature,93,24.36451612903226,21.8,26.4
2024-10-28,ambient,,humidity,174,75.34080459770115,43.2,92.9
2024-10-28,ambient,,temperature,174,28.631609195402298,24.4,37.8
2024-10-28,ground_mounted_pv,PV,irradiance,174,109.32758620689656,0.0,902.0
2024-10-28,ground_mounted_pv,PV,temperature,31,24.793548387096774,23.0,26.1
2024-10-28,open_sun_control,SS,humidity,174,18.06655172413793,17.66,18.34
2024-10-28,open_sun_control,SS,temperature,174,28.34086206896552,26.39,32.15
2024-10-28,open_sun_control,TI,humidity,174,0.0,0.0,0.0
2024-10-29,agrivoltaic,PV,irradiance,789,231.18250950570342,0.0,856.0
2024-10-29,agrivoltaic,PV,temperature,217,23.014285714285716,20.1,25.3
2024-10-29,ambient,,humidity,263,72.46235741444866,49.3,91.8
2024-10-29,ambient,,temperature,263,30.039923954372625,24.8,37.7
2024-10-29,ground_mounted_pv,PV,irradiance,263,199.56653992395437,0.0,808.0
2024-10-29,ground_mounted_pv,PV,temperature,75,23.086666666666666,19.7,25.2
2024-10-29,open_sun_control,SS,humidity,263,17.61490494296578,17.3,17.82
2024-10-29,open_sun_control,SS,temperature,263,28.889657794676804,26.61,32.06
2024-10-29,open_sun_control,TI,humidity,263,0.0,0.0,0.0
2024-10-30,agrivoltaic,PV,irradiance,693,267.6940836940837,0.0,915.0
2024-10-30,agrivoltaic,PV,temperature,213,23.481220657276996,19.7,26.5
2024-10-30,ambient,,humidity,231,71.16277056277056,42.9,92.8
2024-10-30,ambient,,temperature,231,30.513852813852814,24.3,37.5
2024-10-30,ground_mounted_pv,PV,irradiance,231,226.93939393939394,0.0,882.0
2024-10-30,ground_mounted_pv,PV,temperature,74,23.614864864864863,20.0,26.3
2024-10-30,open_sun_control,SS,humidity,231,17.02675324675325,16.69,17.36
2024-10-30,open_sun_control,SS,temperature,231,29.15203463203463,26.51,32.32
2024-10-30,open_sun_control,TI,humidity,231,0.0,0.0,0.0
2024-10-31,agrivoltaic,PV,irradiance,816,241.57475490196077,0.0,877.0
2024-10-31,agrivoltaic,PV,temperature,209,23.690909090909088,20.0,26.2
2024-10-31,agrivoltaic,TI,humidity,1,11.4,11.4,11.4
2024-10-31,ambient,,humidity,271,74.61549815498155,42.1,93.2
2024-10-31,ambient,,temperature,271,29.543542435424357,24.4,37.9
2024-10-31,ground_mounted_pv,PV,irradiance,271,211.53874538745387,0.0,854.0
2024-10-31,ground_mounted_pv,PV,temperature,70,23.805714285714288,20.0,26.2
2024-10-31,open_sun_control,SS,humidity,272,16.613602941176474,16.34,16.85
2024-10-31,open_sun_control,SS,temperature,272,28.681433823529414,26.34,32.44
2024-10-31,open_sun_control,TI,humidity,272,0.0,0.0,0.0
